,index,carat,cut,color,clarity,depth,table,price,x,y,z
0,1388,0.24,Ideal,G,VVS1,62.1,56.0,559,3.97,4.0,2.47
1,50052,0.58,Very Good,F,VVS2,60.0,57.0,2201,5.44,5.42,3.26
2,41645,0.4,Ideal,E,VVS2,62.1,55.0,1238,4.76,4.74,2.95
3,42377,0.43,Premium,E,VVS2,60.8,57.0,1304,4.92,4.89,2.98
4,17244,1.55,Ideal,E,SI2,62.3,55.0,6901,7.44,7.37,4.61
5,1608,1.0,Fair,E,SI2,55.4,62.0,3011,6.63,6.59,3.66
6,46398,0.51,Ideal,F,VS1,60.2,56.0,1765,5.22,5.24,3.15
7,45493,0.52,Ideal,D,VS2,62.0,56.0,1679,5.17,5.19,3.21
8,49385,0.62,Premium,E,VS2,60.0,59.0,2102,5.58,5.56,3.34
9,10460,1.14,Ideal,H,SI1,60.3,57.0,4789,6.79,6.85,4.11
10,34243,0.4,Ideal,D,SI2,62.8,56.0,855,4.73,4.7,2.96
11,24772,1.83,Very Good,E,SI2,62.8,56.0,13134,7.76,7.82,4.89
12,42987,0.6,Fair,F,SI1,55.3,63.0,1367,5.67,5.61,3.12
13,51711,0.7,Very Good,F,SI1,63.5,56.0,2401,5.58,5.66,3.57
14,43777,0.53,Good,H,IF,61.2,65.0,1440,5.16,5.27,3.19
15,22232,1.55,Ideal,I,VS1,61.2,55.0,10286,7.49,7.47,4.58
16,1319,0.98,Fair,F,SI2,61.6,66.0,2958,6.46,6.24,3.92
17,43219,0.4,Ideal,E,VVS1,62.6,56.0,1397,4.73,4.7,2.95
18,21843,1.5,Very Good,F,SI1,62.8,56.0,9904,7.26,7.33,4.58
19,53626,0.35,Very Good,I,VS1,60.7,62.0,552,4.53,4.59,2.77
20,27497,2.07,Premium,I,VS2,61.2,58.0,18193,8.18,8.2,5.01
21,36554,0.4,Premium,E,SI1,60.9,60.0,945,4.77,4.75,2.9
22,21055,0.31,Ideal,F,VS2,61.9,55.0,625,4.31,4.35,2.68
23,23028,0.3,Ideal,H,VVS2,61.7,54.2,631,4.32,4.35,2.67
24,5536,0.91,Ideal,H,SI2,60.6,57.0,3854,6.3,6.26,3.81
25,43434,0.53,Ideal,E,SI1,61.4,56.0,1415,5.21,5.24,3.21
26,38522,0.34,Ideal,E,VS1,60.8,57.0,1033,4.53,4.49,2.74
27,24964,2.02,Ideal,F,SI2,62.7,57.0,13453,8.07,7.93,5.03
28,19771,1.04,Ideal,D,VS1,59.1,56.0,8341,6.65,6.59,3.91
29,40271,0.23,Ideal,F,VS2,61.8,55.0,493,3.93,3.96,2.43
30,8473,1.01,Ideal,F,SI2,62.5,55.0,4416,6.39,6.4,4.0
31,43496,0.54,Premium,E,SI1,61.4,60.0,1422,5.21,5.25,3.21
32,23558,2.01,Very Good,J,SI1,63.4,57.0,11566,7.97,7.89,5.03
33,46750,0.51,Good,G,VVS2,63.3,58.0,1800,5.04,5.07,3.2
34,49727,0.5,Very Good,F,VVS2,62.8,55.0,2153,5.0,5.13,3.18
35,34922,0.3,Ideal,J,VS1,62.6,53.0,373,4.28,4.32,2.69
36,31849,0.3,Ideal,F,VS2,60.9,56.0,776,4.35,4.32,2.64
37,47712,0.5,Very Good,G,VVS1,63.3,53.0,1885,5.06,5.09,3.21
38,48446,0.51,Very Good,G,VVS2,63.1,58.0,1974,5.11,5.07,3.21
39,27596,2.09,Premium,H,VS2,62.2,58.0,18443,8.17,8.12,5.06
40,50090,0.62,Ideal,G,VS1,60.7,55.0,2206,5.55,5.59,3.38
41,45996,0.53,Very Good,D,SI1,60.0,59.8,1724,5.25,5.26,3.15
42,34230,0.4,Premium,E,SI2,61.4,59.0,855,4.75,4.7,2.9
43,26268,2.0,Very Good,H,SI1,62.2,57.0,15745,7.97,8.08,4.99
44,1632,0.7,Ideal,E,VS1,62.7,57.0,3016,5.65,5.7,3.56
45,30200,0.42,Good,F,SI1,63.1,56.0,722,4.79,4.82,3.03
46,24572,1.6,Ideal,F,SI1,61.0,57.0,12871,7.54,7.6,4.62
47,23577,1.5,Premium,F,SI1,61.4,59.0,11588,7.34,7.31,4.5
48,27239,2.52,Good,G,SI2,63.7,59.0,17608,8.57,8.52,5.44
49,18519,1.35,Very Good,H,VS2,62.3,57.0,7549,7.06,7.12,4.42
50,36083,0.33,Ideal,G,IF,61.9,56.0,925,4.43,4.47,2.75
51,20868,1.41,Good,H,VS2,63.8,60.0,9088,7.04,7.12,4.52
52,3751,0.78,Ideal,D,SI2,61.4,57.0,3454,5.91,5.94,3.64
53,16971,1.01,Very Good,G,VS1,58.8,58.0,6777,6.52,6.61,3.86
54,9526,0.9,Very Good,H,VVS2,61.8,60.0,4617,6.11,6.15,3.79
55,14936,1.23,Ideal,J,VS2,61.2,57.0,6015,6.93,6.88,4.23
56,6916,0.9,Premium,G,VS2,62.0,60.0,4137,6.19,6.14,3.82
57,28649,0.31,Very Good,I,VS2,62.3,57.0,435,4.32,4.35,2.7
58,5876,0.91,Good,F,SI1,63.7,58.0,3924,6.09,6.02,3.86
59,46504,0.56,Ideal,F,VS2,60.8,56.0,1778,5.33,5.3,3.23
60,52124,0.91,Premium,E,I1,59.6,59.0,2464,6.29,6.32,3.76
61,31327,0.3,Very Good,E,VVS2,62.4,57.0,759,4.28,4.31,2.68
62,26153,2.18,Premium,J,VS2,60.1,58.0,15465,8.46,8.41,5.07
63,1414,1.06,Premium,I,SI2,61.5,57.0,2968,6.57,6.49,4.02
64,34532,0.3,Ideal,F,VVS1,62.1,55.0,868,4.31,4.32,2.68
65,43946,0.32,Ideal,E,SI1,62.2,54.0,516,4.38,4.4,2.73
66,708,0.68,Premium,F,VVS2,61.7,57.0,2854,5.67,5.64,3.49
67,46868,0.53,Ideal,G,VS1,62.7,55.0,1813,5.18,5.16,3.24
68,45181,0.51,Ideal,G,VS1,62.7,56.0,1656,5.08,5.1,3.19
69,2593,0.64,Ideal,F,VVS2,60.9,56.0,3217,5.57,5.59,3.4
70,8178,1.05,Ideal,J,SI2,61.3,56.0,4364,6.56,6.59,4.03
71,44326,0.33,Very Good,H,VS2,62.8,59.0,521,4.38,4.44,2.77
72,9353,1.07,Premium,G,SI2,62.1,59.0,4584,6.54,6.48,4.04
73,25126,2.02,Premium,E,SI2,59.9,58.0,13677,8.18,8.14,4.89
74,42131,0.53,Ideal,F,SI2,63.0,54.0,1279,5.24,5.19,3.29
75,38422,0.39,Premium,E,VS1,59.6,60.0,1026,4.72,4.75,2.82
76,25560,2.1,Premium,I,VS2,60.7,61.0,14394,8.28,8.27,5.02
77,53408,0.7,Premium,F,VS1,61.7,60.0,2669,5.67,5.64,3.49
78,22905,1.51,Very Good,G,SI1,61.5,54.0,10947,7.35,7.42,4.54
79,22529,1.51,Premium,E,SI2,60.6,59.0,10570,7.47,7.41,4.51
80,34238,0.4,Premium,D,SI2,61.9,58.0,855,4.73,4.71,2.92
81,30705,0.3,Ideal,G,VVS1,61.4,56.0,737,4.32,4.34,2.66
82,46350,0.5,Ideal,E,VS1,61.9,54.1,1759,5.09,5.15,3.17
83,38912,0.33,Good,G,IF,57.9,60.0,1052,4.57,4.55,2.64
84,5572,1.14,Premium,J,SI2,60.4,59.0,3861,6.8,6.74,4.09
85,39482,0.41,Ideal,E,VS1,62.7,57.0,1079,4.72,4.76,2.97
86,27363,0.28,Premium,E,VVS2,60.1,59.0,646,4.22,4.26,2.55
87,51896,0.78,Ideal,F,SI2,59.7,57.0,2431,6.01,5.98,3.58
88,23822,1.7,Premium,I,VS2,62.2,58.0,11888,7.65,7.6,4.74
89,52801,0.6,Ideal,G,IF,62.0,55.0,2570,5.39,5.44,3.36
90,17155,1.09,Ideal,E,SI1,61.8,55.0,6849,6.65,6.58,4.09
91,53440,0.81,Ideal,E,SI2,61.4,57.0,2673,6.0,5.97,3.68
92,44534,0.5,Very Good,G,VS1,61.9,59.0,1603,5.06,5.08,3.14
93,2008,0.9,Ideal,J,SI1,62.6,54.0,3102,6.16,6.23,3.88
94,13058,1.01,Very Good,E,SI1,62.8,57.0,5411,6.35,6.39,4.0
95,47659,0.23,Very Good,E,VVS1,61.1,60.0,530,3.95,4.01,2.43
96,36715,0.41,Premium,E,SI2,61.7,58.0,953,4.8,4.76,2.95
97,39880,0.42,Ideal,G,VVS2,62.4,55.0,1103,4.82,4.79,3.0
98,8510,1.03,Fair,G,SI1,64.7,63.0,4424,6.36,6.31,4.1
99,45842,0.5,Good,G,VVS2,63.8,56.0,1715,5.03,5.06,3.22
100,30188,0.35,Ideal,E,VS2,63.5,54.0,722,4.48,4.43,2.83
101,7180,1.01,Very Good,G,SI1,63.3,57.0,4185,6.37,6.35,4.02
102,49279,0.54,Good,F,VS1,63.7,55.0,2090,5.16,5.11,3.27
103,12680,1.09,Ideal,F,SI2,62.0,56.0,5306,6.62,6.58,4.09
104,33612,0.31,Good,D,SI2,63.9,57.0,462,4.28,4.33,2.75
105,26448,1.55,Premium,D,VS2,61.5,58.0,15991,7.48,7.51,4.61
106,2729,0.31,Ideal,D,SI1,61.7,55.0,565,4.37,4.41,2.71
107,36256,0.41,Ideal,E,VS2,62.1,56.0,935,4.74,4.76,2.95
108,35986,0.42,Very Good,H,VVS2,62.9,56.0,921,4.75,4.79,3.0
109,29306,0.25,Ideal,G,VS1,62.3,54.0,438,4.05,4.11,2.54
110,9987,1.12,Premium,I,SI1,60.8,57.0,4704,6.76,6.7,4.09
111,30239,0.33,Ideal,E,VS2,62.3,57.0,723,4.37,4.43,2.74
112,50377,0.44,Good,D,VVS1,59.2,57.0,2250,4.96,5.0,2.95
113,51115,0.7,Very Good,G,VS2,63.4,58.0,2338,5.63,5.57,3.55
114,10439,1.0,Good,D,SI1,65.1,54.0,4786,6.23,6.27,4.07
115,12668,1.01,Premium,H,VS2,61.5,59.0,5303,6.48,6.49,3.99
116,17841,1.7,Ideal,H,I1,62.6,54.0,7197,7.63,7.58,4.77
117,3799,1.0,Good,I,SI2,63.9,60.0,3465,6.26,6.3,4.01
118,4918,0.7,Ideal,G,VVS2,61.6,57.0,3725,5.74,5.71,3.53
119,52396,0.58,Ideal,F,VVS2,62.2,56.0,2509,5.32,5.35,3.32
120,13206,1.11,Ideal,H,SI1,61.6,56.0,5456,6.69,6.65,4.11
121,26517,1.74,Very Good,G,VS2,62.9,57.0,16169,7.64,7.68,4.82
122,21504,1.02,Ideal,F,VVS2,62.3,58.0,9598,6.42,6.45,4.01
123,21229,1.6,Ideal,I,SI1,62.0,55.0,9376,7.53,7.59,4.69
124,13373,0.24,Ideal,F,VS2,62.2,57.0,419,3.96,4.01,2.48
125,34500,0.42,Good,I,VVS1,59.2,61.0,867,4.88,4.91,2.9
126,28576,0.3,Ideal,H,VS1,62.5,56.0,675,4.27,4.24,2.66
127,38516,0.37,Ideal,G,IF,62.4,56.0,1033,4.6,4.64,2.88
128,29434,0.42,Good,H,SI1,63.2,58.0,700,4.77,4.79,3.02
129,8368,1.0,Good,E,SI2,63.5,54.0,4400,6.35,6.41,4.05
130,37591,0.24,Very Good,E,VVS2,62.5,58.0,485,3.96,4.01,2.49
131,8880,1.02,Ideal,J,VS2,62.0,56.0,4485,6.42,6.45,3.99
132,38731,0.4,Ideal,G,VVS1,62.4,54.0,1043,4.73,4.75,2.96
133,13399,0.32,Very Good,F,VS2,63.0,57.0,602,4.33,4.37,2.74
134,39083,0.31,Ideal,E,IF,61.9,56.0,1060,4.35,4.37,2.7
135,42610,0.32,Ideal,H,VS2,62.1,56.0,505,4.37,4.42,2.73
136,41818,0.43,Ideal,F,VVS2,61.9,56.0,1250,4.87,4.82,3.0
137,6994,1.06,Premium,F,SI1,61.9,59.0,4155,6.57,6.52,4.05
138,43622,0.57,Very Good,G,SI1,61.1,57.0,1433,5.32,5.35,3.26
139,48090,1.0,Premium,H,I1,60.4,61.0,1932,6.39,6.32,3.84
140,18885,1.0,Premium,E,VS1,60.4,59.0,7744,6.51,6.54,3.94
141,51708,0.8,Fair,G,SI2,67.1,56.0,2400,5.76,5.73,3.85
142,32690,0.31,Very Good,G,VS1,63.1,59.0,802,4.29,4.27,2.7
143,18273,2.03,Premium,H,I1,59.4,59.0,7421,8.31,8.22,4.91
144,9314,1.11,Ideal,H,SI2,62.7,57.0,4578,6.59,6.66,4.14
145,45633,0.25,Very Good,G,VVS1,61.7,56.0,525,4.07,4.09,2.51
146,13114,1.02,Premium,E,SI1,62.8,58.0,5429,6.45,6.39,4.03
147,23825,1.54,Premium,F,SI1,60.9,59.0,11897,7.56,7.46,4.57
148,32104,0.33,Ideal,D,VS2,62.1,55.0,781,4.43,4.46,2.76
149,42225,0.39,Premium,F,VVS1,62.7,57.0,1290,4.68,4.64,2.92
150,15975,1.27,Ideal,I,VS1,62.8,57.0,6396,6.86,6.89,4.32
151,47932,0.56,Premium,E,VS2,61.4,61.0,1915,5.31,5.28,3.25
152,26195,2.01,Ideal,H,SI2,60.1,57.0,15562,8.24,8.2,4.94
153,38921,0.33,Ideal,G,IF,61.9,54.0,1052,4.46,4.42,2.75
154,53726,0.72,Premium,D,VS2,61.0,59.0,2721,5.77,5.74,3.51
155,30214,0.33,Ideal,E,VS2,62.3,56.0,723,4.46,4.47,2.78
156,1221,0.81,Ideal,I,VS2,61.8,56.0,2939,6.02,5.99,3.71
157,50746,0.81,Fair,I,VS1,66.5,53.0,2297,5.76,5.83,3.86
158,24793,1.31,Ideal,G,VVS2,60.3,56.0,13168,7.09,7.15,4.29
159,24280,1.58,Premium,F,SI1,61.4,61.0,12512,7.48,7.45,4.58
160,16107,1.23,Ideal,H,SI1,61.0,56.0,6439,6.96,6.92,4.23
161,22349,2.01,Premium,J,VS2,58.6,61.0,10401,8.18,8.14,4.78
162,40803,0.41,Good,E,VVS1,60.4,61.0,1169,4.76,4.81,2.89
163,49527,0.52,Ideal,F,VS1,61.3,56.0,2123,5.19,5.22,3.19
164,45401,0.55,Ideal,H,VVS2,60.7,55.0,1668,5.32,5.34,3.24
165,13131,1.05,Premium,E,SI1,61.2,58.0,5433,6.57,6.53,4.01
166,49217,1.06,Very Good,G,I1,60.7,63.0,2080,6.59,6.56,3.99
167,8780,1.0,Premium,H,SI1,62.7,60.0,4469,6.3,6.24,3.93
168,7479,1.0,Ideal,I,SI1,62.8,56.0,4237,6.33,6.38,3.99
169,28990,0.34,Premium,F,VS2,59.2,60.0,686,4.56,4.6,2.71
170,19634,1.54,Ideal,I,SI2,62.0,59.0,8254,7.33,7.38,4.56
171,23002,1.47,Very Good,G,VS2,62.7,56.0,11060,7.15,7.18,4.49
172,45422,0.55,Ideal,E,SI1,61.4,55.0,1668,5.29,5.26,3.24
173,17823,1.08,Ideal,G,VS2,62.3,54.0,7187,6.59,6.61,4.11
174,18622,1.09,Very Good,F,VS1,62.9,58.0,7598,6.51,6.55,4.11
175,35108,0.3,Ideal,F,IF,62.1,57.0,886,4.27,4.3,2.66
176,2360,0.9,Ideal,J,VS1,62.5,55.0,3175,6.18,6.14,3.85
177,33259,0.37,Good,D,VS1,62.1,54.0,825,4.67,4.73,2.92
178,27379,0.35,Very Good,H,SI1,63.2,57.0,647,4.51,4.48,2.84
179,1281,0.81,Ideal,H,SI1,62.3,58.0,2951,5.95,5.96,3.71
180,15703,0.24,Very Good,F,VVS2,61.8,56.0,608,4.01,4.04,2.48
181,36198,0.42,Ideal,F,SI1,61.5,55.0,931,4.82,4.84,2.97
182,35579,0.35,Ideal,F,VS2,62.4,57.0,906,4.51,4.5,2.81
183,49985,0.74,Good,F,SI2,59.3,61.0,2190,5.87,5.97,3.51
184,28895,0.3,Very Good,G,VVS2,61.3,58.0,684,4.28,4.34,2.64
185,49471,0.64,Very Good,E,VS2,63.4,54.0,2114,5.52,5.49,3.49
186,1246,0.85,Good,G,SI1,64.9,56.0,2945,5.95,5.98,3.87
187,39822,0.3,Premium,E,IF,60.1,60.0,1097,4.32,4.3,2.59
188,36628,0.29,Very Good,H,VVS1,62.0,55.0,478,4.24,4.27,2.64
189,39483,0.41,Ideal,E,VS1,61.7,57.0,1079,4.76,4.8,2.95
190,15731,1.51,Fair,H,SI2,64.5,59.0,6291,7.21,7.15,4.63
191,41819,0.6,Ideal,G,SI2,59.1,56.0,1250,5.58,5.52,3.28
192,15035,0.3,Ideal,F,VS2,61.9,55.0,605,4.31,4.32,2.67
193,22261,1.09,Ideal,E,VVS2,61.6,56.0,10314,6.6,6.64,4.08
194,25782,2.01,Premium,I,SI1,60.1,59.0,14752,8.21,8.15,4.92
195,16671,1.26,Premium,H,SI1,62.2,58.0,6664,6.93,6.87,4.29
196,31166,0.41,Good,E,SI1,63.9,58.0,755,4.7,4.72,3.01
197,12949,0.9,Very Good,E,SI1,61.4,56.0,5387,6.19,6.23,3.81
198,20628,1.0,Premium,F,VVS2,60.6,54.0,8924,6.56,6.52,3.96
199,10810,1.0,Very Good,E,SI1,62.1,57.0,4864,6.35,6.4,3.96
200,31743,0.4,Ideal,D,SI1,62.1,56.0,772,4.7,4.74,2.93
201,11645,1.14,Very Good,H,VS2,59.9,57.0,5053,6.78,6.81,4.07
202,38461,0.38,Very Good,F,VVS1,63.8,58.0,1030,4.58,4.61,2.93
203,52431,0.7,Very Good,H,VS2,63.0,55.4,2513,5.67,5.7,3.58
204,36213,0.36,Premium,G,VS1,61.2,60.0,932,4.59,4.56,2.8
205,1975,0.8,Premium,E,SI1,62.9,60.0,3091,5.89,5.87,3.7
206,46582,0.55,Premium,E,VS2,60.5,58.0,1786,5.26,5.32,3.2
207,4740,0.92,Premium,E,SI2,61.8,59.0,3679,6.19,6.11,3.8
208,29064,0.4,Good,E,SI1,63.3,56.0,687,4.68,4.74,2.98
209,5205,1.04,Premium,G,SI1,60.3,58.0,3780,6.6,6.55,3.96
210,37452,0.35,Ideal,E,VS2,62.2,56.0,984,4.53,4.51,2.81
211,26612,2.11,Very Good,I,VS2,60.3,60.5,16363,8.22,8.29,4.98
212,22977,1.5,Very Good,H,VS2,60.7,61.0,11025,7.34,7.41,4.48
213,4879,0.9,Very Good,E,SI2,62.2,54.0,3715,6.13,6.21,3.84
214,41026,0.41,Ideal,E,VVS2,61.5,55.0,1187,4.79,4.83,2.96
215,39363,0.5,Premium,E,SI1,62.2,58.0,1073,5.03,4.87,3.1
216,44620,0.57,Very Good,G,VS2,62.6,55.0,1608,5.26,5.31,3.31
217,10453,1.0,Premium,H,SI1,62.1,56.0,4788,6.48,6.38,3.99
218,24784,2.75,Ideal,D,I1,60.9,57.0,13156,9.04,8.98,5.49
219,45435,0.58,Ideal,H,VS1,61.2,55.0,1671,5.39,5.42,3.31
220,12496,1.0,Very Good,E,SI1,59.6,60.0,5257,6.58,6.51,3.9
221,5055,0.31,Very Good,H,SI1,63.1,57.0,573,4.34,4.31,2.73
222,34852,0.3,Premium,G,VVS2,61.3,57.0,878,4.33,4.29,2.64
223,27996,0.3,Very Good,E,VS2,61.9,61.0,658,4.28,4.32,2.66
224,40728,0.51,Ideal,H,SI1,62.1,54.0,1161,5.13,5.15,3.19
225,12474,1.02,Ideal,H,SI1,60.8,58.0,5251,6.47,6.49,3.94
226,12691,0.26,Very Good,E,VVS2,61.7,60.0,599,4.11,4.12,2.54
227,1175,0.7,Ideal,E,SI1,60.1,57.0,2929,5.78,5.83,3.49
228,8145,0.96,Ideal,G,SI1,62.6,57.0,4355,6.28,6.24,3.92
229,28238,0.33,Ideal,G,VS1,61.4,54.0,666,4.44,4.48,2.74
230,2758,0.9,Good,G,SI1,64.2,58.0,3250,6.04,6.01,3.87
231,23357,0.3,Ideal,G,SI1,62.1,53.0,422,4.32,4.37,2.7
232,8247,1.04,Very Good,G,SI2,62.6,58.0,4375,6.42,6.49,4.04
233,46800,0.7,Premium,F,SI2,60.3,58.0,1806,5.79,5.76,3.48
234,36501,0.33,Very Good,E,VVS1,61.8,54.0,945,4.47,4.49,2.77
235,10317,1.03,Premium,D,SI2,61.3,61.0,4764,6.49,6.46,3.97
236,2807,0.72,Very Good,F,VS1,63.4,57.0,3264,5.68,5.7,3.61
237,20248,1.23,Ideal,F,VS1,61.3,57.0,8679,6.93,6.86,4.23
238,14606,1.21,Premium,J,VVS1,61.3,59.0,5893,6.81,6.86,4.19
239,22572,1.52,Fair,G,VS2,55.2,66.0,10623,7.72,7.67,4.26
240,35893,0.32,Ideal,G,IF,61.8,55.0,918,4.42,4.45,2.74
241,24026,1.54,Premium,H,IF,62.5,58.0,12196,7.33,7.38,4.6
242,40009,0.41,Ideal,F,VS2,62.7,56.0,1107,4.78,4.72,2.98
243,20267,1.74,Premium,J,SI2,59.7,57.0,8690,7.88,7.8,4.68
244,36786,0.34,Premium,E,VS2,58.8,59.0,956,4.59,4.56,2.69
245,2893,0.92,Fair,F,SI2,65.3,58.0,3282,6.08,6.04,3.96
246,41066,0.52,Ideal,F,SI2,62.1,55.0,1191,5.14,5.17,3.2
247,9167,0.98,Very Good,G,SI2,62.2,57.0,4542,6.33,6.37,3.95
248,14343,1.22,Ideal,I,SI1,60.2,57.0,5807,6.99,6.93,4.19
249,23742,2.0,Very Good,J,SI2,59.8,60.0,11792,8.09,8.13,4.85
250,39821,0.38,Ideal,E,VVS2,62.4,56.0,1097,4.69,4.63,2.91
251,46700,0.55,Premium,G,VS1,59.4,62.0,1792,5.36,5.32,3.17
252,27538,2.01,Premium,H,SI1,61.4,56.0,18295,8.19,8.13,5.01
253,40443,0.7,Premium,G,I1,61.6,56.0,1138,5.8,5.63,3.52
254,26995,2.01,Very Good,H,SI1,60.0,58.0,17095,8.16,8.25,4.92
255,50180,0.74,Very Good,H,SI2,62.1,58.0,2222,5.82,5.78,3.6
256,8899,0.79,Premium,E,VVS1,62.8,60.0,4490,5.89,5.8,3.67
257,20347,1.7,Ideal,I,SI2,60.7,59.0,8743,7.69,7.64,4.65
258,19018,2.11,Very Good,G,I1,63.2,57.0,7834,8.13,8.07,5.12
259,26300,1.72,Premium,G,VS2,61.1,58.0,15801,7.69,7.73,4.71
260,35033,0.4,Good,E,SI1,63.6,57.0,882,4.69,4.65,2.97
261,36569,0.42,Good,E,SI1,63.6,61.0,945,4.73,4.7,3.0
262,50521,0.7,Fair,G,VS2,57.3,63.0,2273,5.78,5.84,3.33
263,5246,1.0,Very Good,F,SI2,61.7,58.0,3789,6.32,6.36,3.91
264,8440,1.25,Premium,J,SI2,62.3,59.0,4410,6.86,6.82,4.26
265,39031,0.41,Ideal,I,VS2,61.2,56.0,1056,4.77,4.81,2.93
266,34345,0.39,Ideal,F,VS2,59.2,58.0,862,4.78,4.81,2.84
267,21393,1.51,Premium,H,SI1,62.0,58.0,9511,7.38,7.34,4.56
268,18027,1.02,Very Good,G,VVS2,61.3,59.0,7292,6.46,6.53,3.98
269,26146,2.0,Premium,H,SI2,59.7,61.0,15451,8.2,8.15,4.88
270,28846,0.41,Premium,D,SI2,62.4,60.0,683,4.71,4.77,2.96
271,14598,1.23,Good,H,SI1,63.9,56.0,5889,6.81,6.77,4.34
272,51088,0.7,Very Good,H,VS2,60.0,57.0,2335,5.74,5.8,3.46
273,7258,1.19,Premium,J,SI2,58.4,60.0,4198,6.98,6.92,4.06
274,6537,1.1,Ideal,E,SI2,59.4,54.0,4071,6.79,6.74,4.02
275,50030,0.72,Ideal,H,SI1,60.3,59.0,2197,5.77,5.83,3.5
276,51546,0.71,Ideal,I,VVS2,62.0,54.0,2387,5.72,5.76,3.56
277,28160,0.3,Ideal,H,VVS1,61.3,57.0,665,4.32,4.36,2.66
278,53814,0.77,Good,H,VVS2,64.3,57.9,2734,5.7,5.86,3.71
279,28041,0.38,Good,I,SI1,63.7,57.0,659,4.63,4.57,2.93
280,2463,0.7,Ideal,F,VVS2,62.0,55.0,3191,5.71,5.67,3.53
281,12956,1.0,Premium,H,VS1,61.5,57.0,5387,6.44,6.37,3.94
282,24864,1.52,Ideal,E,SI1,62.1,56.0,13280,7.35,7.38,4.57
283,32412,0.41,Ideal,D,SI1,61.7,54.0,791,4.78,4.79,2.95
284,18692,0.29,Ideal,E,VS2,60.1,56.0,619,4.3,4.34,2.6
285,38129,0.3,Premium,G,VVS1,62.1,56.0,1013,4.31,4.29,2.67
286,32377,0.3,Fair,G,VVS1,58.6,66.0,790,4.36,4.41,2.57
287,48904,0.5,Very Good,F,VVS2,61.9,59.0,2041,5.07,5.11,3.15
288,22552,1.52,Ideal,H,SI1,61.5,58.0,10589,7.4,7.36,4.54
289,23146,1.02,Premium,E,VVS1,61.5,59.0,11163,6.46,6.41,3.96
290,34187,0.33,Ideal,G,VS1,62.3,57.0,854,4.42,4.38,2.74
291,34083,0.36,Ideal,D,VS2,61.1,57.0,852,4.58,4.62,2.81
292,18500,1.5,Premium,G,SI1,62.3,60.0,7535,7.27,7.17,4.5
293,1655,0.73,Very Good,F,SI1,61.3,56.0,3023,5.78,5.84,3.56
294,9841,1.08,Ideal,G,SI2,61.9,58.0,4675,6.55,6.57,4.06
295,9069,1.13,Premium,G,SI2,60.0,61.0,4518,6.78,6.71,4.05
296,27711,0.36,Premium,I,VS2,62.7,59.0,648,4.58,4.54,2.86
297,50821,0.72,Good,E,SI2,57.9,56.0,2308,5.93,5.85,3.41
298,39946,0.24,Good,F,VVS1,64.8,57.0,492,3.9,3.94,2.54
299,5567,0.8,Ideal,F,VS1,61.2,56.0,3860,5.98,6.01,3.67
300,7964,1.09,Very Good,D,SI2,59.2,63.0,4322,6.71,6.67,3.96
301,34032,0.4,Very Good,D,VS2,59.3,58.0,850,4.8,4.85,2.86
302,11749,1.07,Ideal,F,SI2,62.0,56.0,5077,6.51,6.55,4.09
303,37467,0.42,Ideal,G,VS1,62.7,54.0,984,4.83,4.8,3.02
304,34726,0.41,Ideal,E,VS2,62.3,54.0,875,4.74,4.8,2.97
305,7722,0.26,Premium,E,VS2,62.1,56.0,580,4.13,4.11,2.56
306,23352,0.3,Ideal,I,SI1,61.9,57.0,422,4.29,4.31,2.66
307,25384,1.5,Premium,F,VS2,61.5,58.0,14071,7.34,7.36,4.52
308,52541,0.71,Premium,H,VS2,62.8,56.0,2531,5.75,5.68,3.59
309,9584,1.0,Very Good,D,SI2,63.2,57.0,4628,6.24,6.32,3.97
310,5187,0.9,Premium,G,SI1,62.7,58.0,3774,6.13,6.08,3.83
311,1372,0.85,Very Good,E,SI2,63.1,58.0,2966,6.02,6.0,3.79
312,18905,1.52,Premium,J,VS2,62.0,59.0,7758,7.28,7.31,4.52
313,13802,1.21,Ideal,H,SI2,62.6,56.0,5624,6.84,6.77,4.26
314,31687,0.26,Ideal,D,VVS2,61.4,56.0,769,4.15,4.12,2.54
315,27391,1.54,Ideal,F,VS1,60.5,56.0,17949,7.52,7.49,4.54
316,41843,0.35,Ideal,E,IF,62.2,56.0,1254,4.52,4.51,2.81
317,34963,0.31,Premium,E,SI1,62.7,58.0,471,4.32,4.35,2.72
318,21365,0.42,Ideal,F,SI2,61.7,54.0,626,4.85,4.87,3.0
319,41461,0.41,Ideal,G,VVS1,62.1,55.0,1230,4.79,4.74,2.96
320,10388,0.31,Ideal,G,SI1,62.2,55.0,593,4.38,4.36,2.72
321,45130,0.52,Very Good,E,VS2,62.5,58.0,1653,5.13,5.18,3.22
322,8939,1.01,Premium,F,SI2,62.6,60.0,4497,6.37,6.35,3.98
323,30786,0.3,Very Good,D,VS1,62.2,58.0,742,4.25,4.27,2.65
324,36614,0.34,Premium,E,SI2,62.4,59.0,477,4.42,4.46,2.77
325,53073,0.71,Ideal,F,SI1,61.5,56.0,2610,5.69,5.76,3.52
326,44123,0.5,Premium,E,VS2,62.0,58.0,1559,5.07,5.09,3.15
327,28009,0.3,Premium,E,VS2,60.7,59.0,658,4.3,4.33,2.62
328,16962,1.12,Ideal,G,VS2,62.2,54.0,6774,6.65,6.62,4.13
329,19573,1.51,Ideal,J,VS2,61.5,56.0,8203,7.37,7.4,4.54
330,2672,0.71,Ideal,E,VS1,60.4,56.0,3238,5.8,5.85,3.52
331,50766,0.75,Ideal,J,VS1,62.9,57.0,2300,5.74,5.81,3.63
332,10127,1.11,Ideal,H,SI2,62.6,56.0,4719,6.58,6.65,4.14
333,26964,1.71,Premium,G,VS1,62.3,58.0,17041,7.61,7.65,4.75
334,8321,1.0,Premium,E,SI2,60.6,61.0,4390,6.44,6.39,3.89
335,15199,1.21,Ideal,F,SI2,61.8,57.0,6105,6.87,6.82,4.23
336,24780,1.71,Very Good,F,SI1,63.3,53.0,13152,7.54,7.59,4.79
337,2885,0.71,Very Good,G,VVS2,62.8,58.0,3281,5.69,5.75,3.59
338,1901,0.76,Ideal,E,VS2,61.3,56.0,3079,5.79,5.83,3.56
339,50171,0.71,Very Good,I,VS2,61.4,56.0,2219,5.73,5.79,3.53
340,25812,2.19,Very Good,I,SI1,62.6,58.0,14819,8.24,8.33,5.19
341,21759,1.5,Ideal,I,VS2,60.0,61.0,9827,7.39,7.42,4.44
342,11475,1.0,Good,D,SI1,64.8,58.0,5013,6.23,6.27,4.05
343,6689,1.2,Very Good,J,SI2,61.8,56.0,4102,6.81,6.85,4.22
344,28175,0.35,Ideal,F,VS1,62.4,55.0,665,4.49,4.52,2.81
345,25695,0.4,Fair,D,SI1,65.1,55.0,644,4.63,4.68,3.03
346,38728,0.4,Ideal,G,VVS1,62.1,53.0,1043,4.75,4.79,2.96
347,24418,1.64,Premium,F,SI1,62.8,59.0,12670,7.53,7.51,4.72
348,48178,0.54,Ideal,H,VVS1,61.7,57.0,1944,5.24,5.23,3.23
349,2630,0.74,Premium,E,VS2,62.7,58.0,3228,5.77,5.72,3.6
350,10424,1.24,Ideal,J,SI2,60.1,57.0,4783,7.02,6.98,4.21
351,34740,0.32,Ideal,F,VS1,61.9,55.0,876,4.41,4.4,2.73
352,51949,0.71,Very Good,E,SI1,63.1,59.0,2441,5.75,5.62,3.59
353,27275,2.0,Very Good,G,SI1,63.0,55.0,17724,7.96,8.1,5.06
354,33035,0.32,Ideal,G,VVS1,61.7,56.0,814,4.4,4.42,2.72
355,31447,0.4,Ideal,I,SI1,61.6,56.0,765,4.74,4.68,2.9
356,7481,0.91,Premium,H,VS2,61.8,60.0,4238,6.22,6.18,3.83
357,23858,1.5,Good,E,SI1,63.9,54.0,11948,7.26,7.2,4.62
358,36662,0.31,Ideal,D,VVS1,62.3,54.0,949,4.36,4.4,2.73
359,4465,0.7,Very Good,D,VVS2,62.3,56.0,3622,5.66,5.7,3.54
360,18775,1.02,Premium,F,VS1,62.7,55.0,7677,6.43,6.37,4.01
361,46397,0.54,Ideal,E,VS2,62.4,56.0,1765,5.23,5.19,3.25
362,34847,0.3,Ideal,G,VVS2,61.5,56.0,878,4.34,4.31,2.66
363,13752,1.0,Premium,F,VS2,59.9,60.0,5606,6.11,6.07,3.65
364,14774,1.01,Premium,G,VS2,61.8,59.0,5946,6.45,6.4,3.97
365,17680,1.01,Premium,F,VS1,62.4,61.0,7127,6.39,6.36,3.98
366,14526,1.01,Premium,G,VS2,62.1,59.0,5864,6.43,6.38,3.98
367,12102,1.13,Ideal,I,VS2,62.2,55.0,5165,6.69,6.67,4.15
368,29973,0.32,Ideal,D,SI1,60.9,55.0,715,4.45,4.48,2.72
369,3265,0.7,Ideal,D,VS2,61.4,55.0,3360,5.71,5.75,3.52
370,26009,1.52,Ideal,E,VS2,62.2,57.0,15239,7.34,7.38,4.58
371,11578,1.2,Premium,H,SI2,62.4,61.0,5040,6.81,6.78,4.24
372,17346,1.72,Very Good,F,I1,60.5,59.0,6962,7.71,7.8,4.69
373,32420,0.41,Premium,D,SI1,61.4,58.0,791,4.76,4.78,2.93
374,3227,0.72,Ideal,G,VVS2,62.0,55.0,3352,5.72,5.76,3.56
375,33877,0.3,Premium,E,VS2,60.4,58.0,844,4.34,4.3,2.61
376,19685,0.32,Very Good,H,VS1,58.9,63.0,624,4.46,4.4,2.61
377,35280,0.35,Premium,I,SI1,62.5,58.0,472,4.49,4.53,2.82
378,22034,0.31,Premium,H,VS2,61.9,58.0,628,4.39,4.37,2.71
379,23881,1.31,Ideal,G,VVS2,61.3,58.0,11975,7.03,7.07,4.32
380,48821,0.7,Very Good,I,SI1,61.4,57.0,2028,5.72,5.75,3.52
381,25751,1.52,Ideal,G,VS2,61.4,56.0,14692,7.39,7.47,4.56
382,49440,0.74,Premium,G,SI2,62.8,57.0,2109,5.77,5.73,3.61
383,2965,1.01,Premium,F,SI2,60.9,60.0,3297,6.45,6.42,3.91
384,14341,1.02,Ideal,E,SI1,61.9,55.0,5806,6.49,6.46,4.01
385,53233,0.77,Good,D,SI2,63.8,58.0,2642,5.78,5.81,3.7
386,21987,1.2,Premium,E,VS1,60.7,57.0,10053,6.89,6.81,4.16
387,13933,1.2,Premium,H,SI1,61.8,58.0,5669,6.8,6.72,4.18
388,12469,1.2,Very Good,G,SI2,62.5,57.0,5250,6.73,6.84,4.24
389,50976,0.31,Very Good,E,SI1,58.3,60.0,544,4.48,4.51,2.62
390,53379,0.73,Ideal,E,SI1,60.1,56.0,2661,5.91,5.87,3.54
391,43511,0.51,Good,D,SI1,63.3,57.0,1423,5.06,5.09,3.21
392,19486,1.01,Premium,G,IF,63.0,60.0,8120,6.35,6.31,3.99
393,18276,1.17,Ideal,G,VS2,62.0,57.0,7423,6.74,6.78,4.19
394,40668,0.44,Premium,G,VVS2,60.9,57.0,1155,4.93,4.89,2.99
395,11026,0.91,Very Good,F,VS2,62.1,58.0,4917,6.19,6.24,3.86
396,12847,1.22,Good,J,VS1,58.5,61.0,5356,6.94,7.0,4.08
397,28086,0.3,Very Good,D,SI1,63.1,56.0,662,4.28,4.24,2.69
398,24620,1.51,Premium,G,VS1,62.4,60.0,12948,7.34,7.3,4.57
399,5866,1.01,Premium,G,SI2,63.0,59.0,3923,6.38,6.32,4.0
400,50268,0.55,Very Good,E,VVS2,60.8,55.0,2238,5.26,5.33,3.22
401,30934,0.24,Very Good,H,VVS2,61.9,57.0,449,3.97,4.01,2.47
402,17567,1.16,Ideal,G,VS2,62.3,57.0,7074,6.66,6.72,4.17
403,26741,2.2,Ideal,H,SI2,60.0,58.0,16530,8.47,8.5,5.09
404,2969,0.78,Very Good,D,VS2,58.5,56.0,3298,6.08,6.12,3.57
405,36079,0.37,Very Good,E,VS1,60.2,56.0,925,4.68,4.71,2.83
406,49915,0.7,Premium,F,SI1,62.6,55.0,2184,5.65,4.5,3.0
407,46036,0.57,Ideal,E,SI1,62.1,56.0,1728,5.33,5.3,3.3
408,26446,2.02,Very Good,F,SI1,62.8,59.0,15987,7.9,7.98,4.99
409,25501,1.51,Premium,F,VS2,62.0,60.0,14294,7.35,7.23,4.52
410,37964,0.41,Very Good,D,VS2,62.8,55.0,1007,4.7,4.73,2.96
411,39212,0.4,Very Good,E,VVS2,62.8,58.0,1066,4.68,4.71,2.95
412,13920,1.2,Very Good,G,SI1,63.2,59.0,5665,6.77,6.74,4.27
413,13252,1.1,Premium,H,SI1,60.7,59.0,5476,6.72,6.7,4.07
414,12758,1.0,Premium,G,VS2,60.8,60.0,5322,6.39,6.33,3.87
415,2668,0.72,Very Good,F,VS2,61.6,58.0,3238,5.75,5.78,3.55
416,19718,1.5,Very Good,I,SI1,63.1,59.0,8291,7.16,7.23,4.54
417,30976,0.37,Ideal,F,VS2,60.6,56.0,746,4.63,4.64,2.81
418,15394,1.2,Very Good,I,VS1,62.4,56.0,6167,6.78,6.74,4.22
419,17377,0.34,Premium,H,SI1,62.1,59.0,612,4.5,4.46,2.78
420,12163,1.13,Very Good,H,SI2,62.0,58.0,5179,6.67,6.71,4.15
421,37880,0.4,Very Good,G,VS1,63.4,56.0,1005,4.72,4.68,2.98
422,13249,1.2,Very Good,I,SI1,62.6,57.0,5476,6.74,6.77,4.23
423,644,0.81,Very Good,F,SI2,63.2,58.0,2843,5.91,5.92,3.74
424,53654,0.76,Ideal,D,SI2,62.2,57.0,2706,5.85,5.83,3.63
425,42836,0.41,Ideal,F,VVS1,62.3,53.0,1356,4.8,4.77,2.98
426,27745,2.0,Very Good,H,SI1,62.8,57.0,18803,7.95,8.0,5.01
427,53492,0.75,Premium,F,SI1,61.5,58.0,2683,5.83,5.87,3.6
428,6181,0.97,Premium,F,SI2,61.9,58.0,3993,6.35,6.31,3.92
429,32825,0.34,Ideal,E,VS1,60.8,57.0,805,4.49,4.53,2.74
430,13822,1.23,Premium,I,VS1,61.6,58.0,5632,6.9,6.84,4.23
431,16213,1.01,Very Good,E,VS2,63.1,56.0,6480,6.34,6.4,4.02
432,29325,0.31,Very Good,H,VS1,63.1,57.0,698,4.34,4.31,2.73
433,40652,0.54,Premium,H,SI1,61.0,58.0,1154,5.23,5.27,3.2
434,12737,1.11,Ideal,H,SI1,60.2,54.0,5315,6.82,6.7,4.07
435,38100,0.36,Ideal,E,VS2,61.2,56.0,1013,4.62,4.6,2.82
436,28337,0.33,Premium,G,VS1,61.3,58.0,666,4.42,4.45,2.72
437,52585,0.79,Good,D,SI2,63.9,56.0,2539,5.89,5.84,3.75
438,17461,1.0,Very Good,E,VS1,61.2,57.0,7002,6.43,6.47,3.95
439,9877,0.9,Very Good,F,VS2,62.6,58.0,4681,6.08,6.13,3.82
440,41382,0.42,Ideal,F,VVS2,61.6,56.0,1221,4.85,4.83,2.98
441,25636,2.15,Ideal,I,SI2,61.7,55.0,14519,8.43,8.24,5.14
442,21056,0.31,Premium,F,VS2,61.8,59.0,625,4.31,4.33,2.67
443,53743,0.74,Premium,F,SI1,62.3,61.0,2723,5.8,5.76,3.6
444,3222,0.77,Very Good,D,VS2,63.0,58.0,3351,5.81,5.85,3.67
445,33473,0.32,Ideal,F,VS2,61.1,57.0,828,4.44,4.4,2.7
446,21945,1.21,Premium,F,VS1,62.6,59.0,10018,6.81,6.76,4.25
447,5732,0.8,Ideal,E,SI1,61.0,57.0,3890,6.0,6.03,3.67
448,4788,1.0,Fair,E,SI1,66.5,55.0,3696,6.21,6.19,4.12
449,8385,0.35,Good,F,SI1,63.6,54.0,583,4.51,4.52,2.87
450,16247,1.01,Premium,G,VS1,62.3,59.0,6499,6.38,6.42,3.99
451,25902,2.19,Premium,I,SI2,60.8,60.0,15032,8.34,8.38,5.08
452,29235,0.43,Ideal,G,SI2,62.3,53.0,696,4.84,4.86,3.02
453,41121,0.58,Ideal,J,VS2,62.8,57.0,1196,5.33,5.28,3.33
454,36383,0.38,Premium,D,SI1,58.9,61.0,941,4.79,4.75,2.81
455,3025,0.66,Very Good,E,VVS1,61.8,55.0,3309,5.6,5.66,3.48
456,23878,1.82,Very Good,G,SI2,61.3,58.0,11971,7.83,7.94,4.83
457,51774,0.72,Ideal,H,SI2,61.3,55.0,2410,5.78,5.81,3.55
458,48970,0.36,Ideal,G,SI1,62.7,55.0,537,4.54,4.59,2.86
459,9769,1.11,Ideal,H,SI2,62.7,57.0,4662,6.66,6.59,4.14
460,30596,0.31,Premium,D,VS2,60.7,59.0,734,4.35,4.38,2.65
461,35876,0.48,Ideal,F,SI2,61.0,57.0,918,5.05,5.08,3.09
462,15838,1.01,Very Good,E,VS2,63.1,60.0,6335,6.3,6.26,3.96
463,17037,1.55,Ideal,J,SI2,62.0,56.0,6805,7.42,7.38,4.59
464,24304,1.51,Ideal,G,VS2,62.1,54.0,12551,7.34,7.31,4.55
465,33051,0.3,Ideal,F,VVS1,61.9,54.0,814,4.35,4.37,2.7
466,39156,0.36,Ideal,F,IF,60.3,57.0,1063,4.61,4.65,2.79
467,36856,0.5,Good,D,SI2,58.5,64.0,958,5.2,5.12,3.02
468,50889,0.59,Very Good,H,IF,61.7,56.0,2317,5.42,5.48,3.36
469,34680,0.36,Ideal,E,VVS2,62.1,56.0,873,4.53,4.58,2.83
470,34495,0.32,Ideal,F,VVS1,61.7,55.0,867,4.42,4.46,2.74
471,21407,1.02,Ideal,F,VVS2,61.1,56.3,9521,6.48,6.52,3.97
472,26334,2.01,Ideal,G,SI2,62.8,56.0,15841,8.07,8.02,5.05
473,52327,0.73,Premium,I,VVS2,60.6,58.0,2496,5.78,5.84,3.52
474,13909,1.01,Ideal,F,VS2,61.0,56.0,5662,6.44,6.4,3.94
475,53566,0.7,Premium,E,VS1,62.7,60.0,2695,5.64,5.59,3.52
476,32073,0.36,Very Good,F,VS1,61.3,54.0,781,4.63,4.65,2.84
477,43572,0.41,Premium,E,VVS1,60.7,58.0,1431,4.86,4.8,2.93
478,53592,0.7,Good,H,VVS2,58.9,61.5,2699,5.77,5.84,3.42
479,53444,0.71,Premium,E,SI1,60.3,60.0,2674,5.77,5.74,3.47
480,49582,0.71,Very Good,F,SI2,59.2,60.0,2134,5.85,5.91,3.48
481,31861,0.3,Ideal,H,VVS2,61.5,56.0,776,4.35,4.33,2.67
482,4265,0.78,Ideal,H,VVS2,62.1,56.0,3581,5.88,5.9,3.66
483,45806,0.5,Ideal,F,VS1,62.5,57.0,1710,5.06,5.09,3.17
484,30964,0.37,Ideal,F,SI1,61.6,56.0,746,4.61,4.65,2.85
485,45535,0.51,Ideal,D,SI1,60.4,55.0,1687,5.48,5.18,3.16
486,9937,0.9,Very Good,D,SI1,62.4,61.0,4693,6.13,6.17,3.84
487,28532,0.33,Ideal,I,IF,61.7,55.0,675,4.45,4.49,2.76
488,212,0.71,Ideal,F,VS2,62.1,54.0,2780,5.68,5.72,3.54
489,3928,0.9,Ideal,J,VS1,62.4,56.0,3498,6.15,6.18,3.85
490,80,0.26,Very Good,E,VVS1,63.4,59.0,554,4.0,4.04,2.55
491,16100,1.0,Good,G,SI1,59.9,58.0,6437,6.44,6.48,3.87
492,45868,0.51,Ideal,D,VS2,61.4,57.0,1716,5.13,5.16,3.16
493,22493,2.0,Good,D,SI2,63.8,57.0,10528,7.93,7.88,5.04
494,4162,0.92,Premium,D,SI2,62.5,59.0,3550,6.24,6.2,3.89
495,51121,0.71,Very Good,H,SI2,62.2,55.1,2339,5.7,5.72,3.55
496,22581,1.57,Ideal,I,SI1,62.2,56.0,10633,7.42,7.47,4.63
497,7133,1.0,Ideal,I,SI1,62.7,56.0,4174,6.33,6.37,3.98
498,34702,0.31,Ideal,F,IF,62.2,56.0,874,4.31,4.34,2.69
499,14951,1.2,Premium,I,VS1,62.8,56.0,6021,6.8,6.74,4.25
500,20548,1.13,Premium,G,VVS1,59.3,59.0,8868,6.87,6.79,4.05
501,5954,1.0,Good,G,SI2,63.8,56.0,3949,6.23,6.31,4.0
502,43137,0.56,Ideal,H,VS2,60.9,57.0,1388,5.32,5.36,3.25
503,43520,0.59,Ideal,F,SI1,62.0,53.0,1424,5.38,5.43,3.35
504,1792,0.7,Very Good,D,VS2,62.5,55.0,3052,5.65,5.71,3.55
505,14804,1.32,Premium,H,VS1,61.3,58.0,5958,7.09,7.01,4.32
506,39027,0.43,Ideal,G,VVS2,60.1,57.0,1056,4.88,4.91,2.94
507,32166,0.41,Ideal,H,SI2,61.7,56.0,787,4.8,4.77,2.95
508,27229,1.71,Ideal,G,VS1,62.2,55.0,17595,7.72,7.65,4.78
509,14991,1.23,Very Good,H,VS2,58.5,62.0,6039,6.98,7.0,4.09
510,22808,2.0,Premium,G,SI2,60.7,60.0,10833,8.13,8.07,4.92
511,53515,0.8,Fair,H,VS2,65.3,58.0,2686,5.78,5.73,3.76
512,48665,0.75,Ideal,J,VS2,61.5,54.0,2001,5.87,5.9,3.62
513,23281,1.5,Very Good,H,VVS2,62.7,58.0,11303,7.21,7.24,4.53
514,2954,0.83,Very Good,E,SI1,63.8,54.0,3295,5.96,6.04,3.83
515,48286,0.53,Ideal,E,VS2,62.3,57.0,1956,5.23,5.19,3.25
516,18925,1.5,Very Good,H,SI2,61.3,59.0,7774,7.38,7.41,4.53
517,49736,0.48,Ideal,F,IF,62.1,55.0,2154,5.0,5.05,3.12
518,13712,0.37,Ideal,H,VS2,61.7,55.0,603,4.64,4.67,2.87
519,37793,0.38,Ideal,E,VS1,61.6,56.0,1000,4.62,4.66,2.86
520,46518,0.53,Ideal,H,VVS1,61.3,56.0,1781,5.22,5.24,3.21
521,24267,1.71,Very Good,H,VS2,58.8,60.0,12493,7.8,7.85,4.6
522,17649,1.28,Ideal,H,SI1,61.8,57.0,7109,7.02,6.97,4.32
523,17515,1.04,Ideal,G,VS2,61.3,57.0,7044,6.53,6.56,4.01
524,37200,0.33,Ideal,F,VVS2,60.9,56.0,974,4.47,4.5,2.73
525,8449,1.01,Premium,H,SI2,60.3,60.0,4412,6.49,6.45,3.9
526,51394,0.71,Premium,D,SI2,62.8,57.0,2368,5.69,5.64,3.56
527,52208,0.61,Very Good,D,VS1,60.9,56.0,2481,5.49,5.51,3.35
528,37187,0.32,Ideal,D,VVS1,61.8,56.0,973,4.4,4.37,2.71
529,45326,0.32,Good,E,SI1,63.4,56.0,524,4.31,4.34,2.74
530,19890,1.2,Premium,G,VS1,60.2,60.0,8442,6.82,6.87,4.12
531,7474,1.0,Premium,F,SI1,60.8,59.0,4234,6.45,6.41,3.91
532,7801,1.02,Very Good,G,SI2,62.9,59.0,4291,6.38,6.4,4.02
533,49361,0.73,Good,J,VS2,60.8,63.0,2098,5.67,5.78,3.48
534,50540,0.53,Ideal,F,VVS2,61.4,56.0,2275,5.19,5.23,3.2
535,27483,2.2,Ideal,G,SI2,62.0,57.0,18168,8.31,8.27,5.14
536,46927,0.52,Premium,G,VS1,62.4,59.0,1815,5.16,5.13,3.21
537,33943,0.31,Ideal,H,SI1,61.5,55.0,464,4.39,4.42,2.71
538,9851,1.74,Very Good,H,I1,63.2,55.0,4677,7.62,7.59,4.8
539,7499,0.79,Ideal,E,VS1,62.0,56.0,4240,5.9,5.93,3.67
540,38408,0.35,Ideal,G,VVS2,62.1,56.0,1024,4.51,4.47,2.79
541,48572,0.59,Very Good,E,VS1,61.6,61.0,1993,5.34,5.37,3.3
542,43443,0.5,Premium,E,SI1,60.2,58.0,1415,5.18,5.15,3.11
543,38139,0.3,Premium,G,VVS1,62.8,58.0,1013,4.3,4.27,2.69
544,11511,1.01,Good,G,SI1,63.2,59.0,5021,6.32,6.36,4.01
545,46894,0.56,Ideal,F,VS2,62.6,55.0,1814,5.29,5.25,3.3
546,2493,0.91,Ideal,F,SI2,61.7,55.0,3196,6.27,6.2,3.85
547,9785,1.01,Very Good,I,VS2,62.3,60.0,4666,6.33,6.41,3.97
548,8322,1.13,Very Good,J,SI1,62.9,57.7,4391,6.6,6.64,4.16
549,21453,1.52,Very Good,F,SI2,62.1,58.0,9552,7.26,7.34,4.53
550,2191,0.79,Very Good,E,SI1,63.3,56.3,3138,5.85,5.88,3.71
551,42999,0.55,Ideal,D,SI2,61.3,57.0,1368,5.28,5.23,3.22
552,3335,1.01,Ideal,F,I1,62.2,54.0,3377,6.42,6.44,4.0
553,39668,0.42,Ideal,G,VS2,61.7,57.0,1087,4.83,4.8,2.97
554,43265,0.3,Premium,I,SI1,61.4,58.0,506,4.33,4.3,2.65
555,44302,0.56,Very Good,D,SI1,63.9,56.0,1578,5.2,5.26,3.34
556,36812,0.3,Good,G,IF,63.8,55.0,956,4.28,4.24,2.72
557,22109,1.87,Ideal,J,SI1,62.3,57.0,10137,7.88,7.82,4.89
558,30323,0.36,Very Good,G,VS1,61.2,60.0,726,4.56,4.59,2.8
559,7821,1.0,Very Good,D,SI2,63.3,60.0,4295,6.29,6.19,3.95
560,4028,0.75,Ideal,G,VVS2,61.3,55.0,3525,5.85,5.89,3.59
561,51472,0.73,Very Good,H,SI1,62.6,58.0,2377,5.75,5.76,3.6
562,27477,2.01,Very Good,H,SI1,59.1,58.0,18149,8.29,8.36,4.92
563,40827,0.5,Very Good,G,SI1,60.8,63.0,1171,5.08,5.11,3.1
564,25438,1.68,Very Good,G,VS2,62.7,58.0,14192,7.51,7.54,4.72
565,14829,1.01,Premium,E,SI1,60.0,59.0,5973,6.53,6.47,3.9
566,51353,0.72,Premium,F,SI1,62.0,60.0,2364,5.74,5.77,3.57
567,30053,0.41,Premium,G,SI1,61.7,59.0,719,4.71,4.73,2.91
568,11347,1.01,Premium,F,SI1,61.8,59.0,4989,6.41,6.34,3.94
569,35558,0.35,Premium,G,VS1,61.7,61.0,906,4.52,4.49,2.78
570,33415,0.32,Premium,H,VVS2,60.2,60.0,828,4.48,4.45,2.69
571,22078,1.75,Very Good,I,SI2,61.2,57.0,10098,7.71,7.76,4.73
572,38996,0.52,Ideal,H,SI2,61.0,55.0,1054,5.19,5.23,3.18
573,52191,0.7,Fair,G,VS2,64.9,57.0,2479,5.55,5.54,3.6
574,5275,1.13,Ideal,H,SI2,60.4,56.0,3797,6.78,6.7,4.07
575,21131,1.22,Premium,E,VS2,62.2,55.0,9292,6.91,6.85,4.28
576,50233,0.7,Ideal,G,SI2,62.6,55.0,2232,5.66,5.69,3.55
577,41613,0.27,Very Good,H,VVS1,61.2,57.0,504,4.15,4.18,2.55
578,42917,0.53,Good,F,SI1,63.8,58.0,1363,5.17,5.12,3.28
579,28266,0.28,Very Good,H,SI1,61.5,56.0,360,4.21,4.24,2.6
580,12868,1.26,Ideal,I,SI2,62.0,56.0,5363,7.0,6.94,4.32
581,26060,2.03,Ideal,I,SI1,61.8,57.0,15272,8.07,8.14,5.01
582,42671,0.51,Fair,F,VS2,61.0,66.0,1334,5.12,5.04,3.1
583,26938,1.5,Very Good,E,VS1,59.5,61.0,16988,7.43,7.46,4.43
584,5748,0.76,Premium,D,VS1,60.6,58.0,3894,5.95,5.89,3.59
585,38355,0.33,Ideal,F,VVS1,61.9,56.0,1021,4.47,4.42,2.75
586,22395,1.52,Ideal,I,IF,62.2,57.0,10419,7.27,7.33,4.54
587,49946,0.63,Good,F,VS1,61.6,60.7,2188,5.46,5.52,3.38
588,41108,0.59,Ideal,F,SI2,61.7,54.0,1195,5.38,5.44,3.34
589,51130,0.58,Ideal,F,VVS2,62.0,55.0,2340,5.32,5.4,3.31
590,4506,0.91,Very Good,E,SI2,62.5,59.0,3632,6.16,6.23,3.87
591,17258,1.04,Premium,F,VS2,61.9,58.0,6908,6.55,6.51,4.04
592,37737,0.4,Ideal,G,VVS1,60.2,60.0,997,4.78,4.82,2.89
593,19319,1.2,Premium,G,VS2,62.3,56.0,8030,6.8,6.68,4.2
594,8528,1.0,Good,D,SI2,58.1,65.0,4427,6.54,6.48,3.78
595,8647,1.0,Premium,F,SI2,61.1,61.0,4452,6.38,6.35,3.89
596,33316,0.35,Premium,D,SI1,61.0,60.0,827,4.58,4.54,2.78
597,48124,0.54,Ideal,E,VS1,62.0,56.0,1939,5.17,5.25,3.23
598,26031,0.32,Ideal,G,VS1,61.3,57.0,645,4.37,4.4,2.69
599,26373,2.02,Very Good,H,SI2,59.9,55.0,15851,8.17,8.28,4.93
600,24468,1.7,Premium,I,VS1,59.8,59.0,12737,7.79,7.7,4.63
601,36288,0.34,Premium,I,VS2,61.8,58.0,477,4.48,4.51,2.78
602,14540,1.18,Good,D,SI2,59.7,61.0,5871,6.83,6.88,4.09
603,42592,0.5,Very Good,E,SI1,60.9,58.0,1331,5.1,5.14,3.12
604,15837,1.01,Premium,E,VS2,60.2,58.0,6335,6.56,6.52,3.94
605,32822,0.34,Ideal,D,VS2,62.0,55.0,805,4.45,4.48,2.77
606,50684,0.62,Good,D,VS2,58.9,64.0,2288,5.62,5.55,3.29
607,10675,1.12,Ideal,J,SI1,62.4,57.0,4840,6.65,6.6,4.14
608,53660,0.71,Fair,F,VS1,57.3,67.0,2707,5.96,5.76,3.36
609,26257,2.16,Ideal,J,VS1,61.4,59.0,15714,8.27,8.33,5.1
610,14881,1.82,Fair,H,I1,67.3,58.0,5993,7.5,7.47,5.04
611,49100,0.52,Very Good,F,VVS2,62.1,58.0,2064,5.12,5.16,3.19
612,18182,1.14,Ideal,G,VS2,62.0,55.0,7371,6.68,6.77,4.17
613,842,0.79,Premium,E,SI2,61.0,58.0,2868,5.96,5.9,3.62
614,9183,1.08,Ideal,G,SI2,62.2,56.0,4544,6.56,6.59,4.09
615,36369,0.4,Ideal,E,VS1,61.2,55.0,940,4.76,4.79,2.92
616,47382,0.54,Premium,G,VS1,61.1,59.0,1847,5.26,5.22,3.2
617,28217,0.4,Premium,D,SI2,62.1,60.0,666,4.69,4.75,2.93
618,50823,0.71,Good,F,SI1,63.7,58.0,2308,5.65,5.62,3.59
619,24032,0.4,Ideal,J,VS1,61.5,58.0,633,4.73,4.76,2.92
620,17880,1.18,Ideal,H,VS1,64.9,58.0,7216,6.57,6.53,4.25
621,10044,0.31,Premium,I,SI1,59.6,58.0,418,4.39,4.44,2.63
622,27322,2.01,Premium,H,SI1,61.1,60.0,17849,8.15,8.11,4.97
623,40283,0.34,Ideal,I,VS2,61.1,55.0,495,4.51,4.55,2.77
624,10445,1.01,Ideal,E,SI2,62.2,56.0,4788,6.42,6.45,4.0
625,16295,1.22,Ideal,F,SI2,62.5,56.0,6518,6.85,6.81,4.27
626,31735,0.31,Ideal,H,IF,62.0,56.0,772,4.36,4.39,2.71
627,4475,0.92,Premium,H,SI1,62.4,58.0,3624,6.19,6.22,3.87
628,36043,0.45,Fair,F,VS2,67.0,56.0,923,4.77,4.7,3.17
629,39175,0.35,Ideal,D,VS2,60.6,56.0,1063,4.57,4.54,2.76
630,4759,0.81,Very Good,F,VS1,62.7,56.0,3689,5.92,5.98,3.73
631,30731,0.33,Ideal,D,VS1,61.7,55.0,739,4.47,4.48,2.76
632,14074,1.03,Ideal,E,SI1,62.0,53.0,5710,6.5,6.47,4.02
633,12422,1.0,Ideal,F,SI1,62.0,55.0,5239,6.39,6.44,3.98
634,29690,0.31,Ideal,H,VVS1,62.2,54.0,707,4.36,4.39,2.72
635,5501,0.74,Ideal,F,VS1,61.7,56.0,3845,5.79,5.87,3.6
636,51025,0.71,Ideal,H,SI1,60.7,59.0,2328,5.75,5.81,3.51
637,24521,1.57,Ideal,H,VS2,61.5,54.0,12809,7.47,7.5,4.61
638,38694,0.37,Premium,E,VS2,59.5,59.0,1041,4.71,4.64,2.78
639,4060,0.32,Good,D,SI2,64.1,54.0,571,4.37,4.34,2.79
640,7780,0.9,Ideal,F,SI1,61.5,56.0,4284,6.25,6.2,3.83
641,51869,0.71,Very Good,F,SI1,62.8,59.0,2427,5.62,5.66,3.54
642,31716,0.33,Ideal,E,VS1,62.3,53.8,771,4.42,4.44,2.76
643,22648,1.54,Ideal,D,SI1,63.0,54.0,10694,7.33,7.28,4.6
644,22376,0.31,Very Good,H,VS2,63.1,57.0,628,4.32,4.27,2.71
645,42644,0.5,Premium,H,VS2,60.9,59.0,1332,5.14,5.11,3.12
646,52211,0.7,Very Good,H,VS1,62.6,57.0,2482,5.64,5.73,3.56
647,10820,1.1,Ideal,I,SI1,60.8,61.0,4868,6.63,6.7,4.05
648,37254,0.31,Ideal,F,VVS2,62.4,55.0,977,4.36,4.33,2.71
649,12757,1.2,Very Good,I,VS1,63.1,58.0,5322,6.7,6.62,4.2
650,36612,0.32,Premium,G,SI1,62.6,58.0,477,4.31,4.35,2.71
651,40007,0.41,Premium,F,VS2,62.8,58.0,1107,4.73,4.69,2.96
652,50385,0.52,Ideal,F,VVS1,61.9,55.0,2251,5.17,5.2,3.21
653,17571,1.06,Ideal,F,VS2,61.0,57.0,7075,6.57,6.6,4.02
654,32592,0.3,Ideal,F,VVS1,61.8,54.0,802,4.33,4.37,2.69
655,34745,0.41,Very Good,H,SI1,63.3,56.0,876,4.74,4.71,2.99
656,13726,0.27,Ideal,E,VS2,62.7,55.0,603,4.18,4.15,2.61
657,6268,1.04,Very Good,F,SI2,63.2,58.0,4013,6.39,6.34,4.02
658,46692,0.56,Ideal,E,VS1,62.3,57.0,1791,5.3,5.26,3.29
659,34719,0.37,Premium,D,SI1,62.7,58.0,874,4.58,4.55,2.86
660,45481,0.51,Ideal,D,VS2,62.2,58.0,1678,5.1,5.12,3.18
661,28823,0.41,Premium,D,SI2,62.3,58.0,683,4.74,4.77,2.96
662,35448,0.32,Ideal,E,VS2,62.1,55.0,900,4.4,4.36,2.72
663,23454,1.91,Ideal,J,SI1,60.7,56.0,11447,8.01,8.09,4.89
664,24909,1.51,Very Good,G,VS1,61.8,57.0,13348,7.31,7.42,4.55
665,23503,1.25,Ideal,G,IF,60.2,54.0,11511,6.99,7.03,4.22
666,45060,0.57,Very Good,G,VS2,63.3,56.0,1641,5.3,5.25,3.34
667,51450,0.55,Premium,F,VS2,62.7,58.0,2376,5.28,5.25,3.3
668,32119,0.34,Very Good,E,VS1,62.3,53.0,784,4.47,4.52,2.8
669,4573,0.92,Premium,G,SI2,58.4,58.0,3648,6.4,6.34,3.73
670,44667,0.32,Ideal,H,VS2,61.5,55.0,523,4.41,4.44,2.72
671,50939,0.63,Ideal,G,VS2,61.9,58.0,2320,5.48,5.51,3.4
672,41768,0.44,Very Good,E,VS1,62.2,58.0,1246,4.8,4.85,3.0
673,10268,1.01,Ideal,E,SI2,59.2,56.0,4751,6.63,6.59,3.91
674,25719,2.06,Premium,E,SI2,58.8,58.0,14634,8.42,8.35,4.93
675,50395,0.59,Very Good,D,VS1,62.6,58.0,2254,5.34,5.39,3.36
676,49054,0.61,Very Good,I,IF,60.2,57.0,2057,5.49,5.58,3.33
677,9266,0.92,Very Good,E,SI1,62.1,58.0,4562,6.15,6.22,3.84
678,10465,0.94,Good,D,SI1,63.6,56.0,4790,6.25,6.2,3.96
679,18342,1.7,Good,I,SI2,63.6,59.0,7464,7.62,7.52,4.8
680,20755,1.53,Premium,E,SI2,58.9,59.0,8996,7.63,7.55,4.47
681,50375,0.53,Ideal,E,VVS2,62.5,57.0,2250,5.12,5.18,3.22
682,51172,0.73,Premium,F,SI1,59.3,61.0,2346,5.85,5.82,3.46
683,19676,1.51,Ideal,G,SI1,61.6,56.0,8283,7.34,7.25,4.5
684,12512,1.01,Very Good,H,VS2,63.2,58.0,5260,6.34,6.26,3.98
685,43805,0.51,Very Good,G,VS2,63.4,55.0,1443,5.06,5.03,3.2
686,44844,0.52,Ideal,F,VS2,61.1,56.0,1625,5.19,5.23,3.18
687,4772,0.94,Very Good,D,SI2,60.9,62.0,3691,6.22,6.3,3.81
688,18576,1.23,Premium,H,VS1,61.1,58.0,7577,6.91,6.86,4.21
689,22603,1.35,Ideal,G,VS1,62.7,57.0,10656,7.02,7.07,4.42
690,13477,1.2,Ideal,J,VS1,61.3,56.0,5534,6.83,6.87,4.2
691,13620,1.04,Ideal,I,VS1,61.4,58.0,5572,6.46,6.54,3.99
692,19461,1.02,Ideal,G,VVS2,59.2,58.0,8107,6.56,6.62,3.9
693,40889,0.56,Fair,F,SI1,61.6,61.0,1176,5.38,5.21,3.26
694,7672,1.0,Good,I,SI1,58.0,58.0,4273,6.56,6.62,3.82
695,18247,1.01,Ideal,F,VS1,60.8,57.0,7412,6.54,6.52,3.97
696,48061,0.55,Ideal,D,VS2,62.3,55.0,1928,5.24,5.29,3.28
697,6778,0.91,Good,D,SI1,63.1,61.0,4113,6.1,6.16,3.87
698,26353,0.32,Very Good,G,VS1,62.8,59.0,645,4.33,4.37,2.73
699,23307,1.56,Premium,H,VS1,62.0,57.0,11345,7.48,7.43,4.62
700,5090,1.02,Premium,F,SI2,62.5,58.0,3754,6.47,6.4,4.02
701,15539,1.31,Ideal,H,SI2,62.3,56.0,6225,7.0,6.97,4.35
702,47187,0.57,Ideal,G,VS1,62.2,54.0,1837,5.31,5.33,3.31
703,25819,2.09,Ideal,I,SI2,63.0,57.0,14838,8.13,8.09,5.11
704,44625,0.57,Ideal,G,VS2,61.6,57.0,1608,5.32,5.36,3.29
705,43257,0.5,Ideal,G,VS2,61.6,55.0,1400,5.11,5.14,3.16
706,48369,0.71,Premium,G,SI2,62.4,59.0,1963,5.67,5.61,3.52
707,40105,0.33,Premium,G,VVS1,62.1,58.0,1114,4.43,4.4,2.74
708,49538,0.72,Fair,E,SI2,68.4,64.0,2125,5.38,5.32,3.66
709,43518,0.61,Ideal,F,SI2,61.3,55.0,1424,5.47,5.55,3.38
710,9561,1.1,Premium,E,SI2,60.9,60.0,4622,6.66,6.61,4.04
711,32010,0.31,Ideal,D,VVS2,61.9,55.0,777,4.36,4.39,2.71
712,914,0.7,Premium,F,VS1,60.4,60.0,2879,5.73,5.7,3.45
713,31142,0.38,Very Good,G,SI1,62.0,54.8,755,4.64,4.67,2.89
714,25292,1.51,Premium,F,VS2,62.9,61.0,13945,7.31,7.22,4.57
715,48329,0.34,Premium,H,SI2,58.6,62.0,536,4.62,4.6,2.7
716,51424,0.71,Fair,D,SI1,66.3,56.0,2372,5.61,5.49,3.68
717,25680,0.31,Ideal,F,VS1,61.5,54.0,642,4.36,4.39,2.69
718,8586,0.9,Very Good,D,SI1,60.9,57.0,4438,6.22,6.26,3.8
719,29349,0.31,Ideal,G,VS2,61.8,57.0,698,4.36,4.34,2.69
720,37263,0.32,Premium,J,SI1,63.0,58.0,480,4.35,4.32,2.73
721,42906,0.39,Premium,E,VVS1,60.7,58.0,1362,4.73,4.69,2.86
722,381,0.8,Good,G,SI1,62.7,57.0,2810,5.84,5.93,3.69
723,25891,2.02,Premium,G,SI2,63.0,59.0,15014,8.05,7.95,5.03
724,462,0.7,Premium,E,VS2,62.4,61.0,2818,5.66,5.63,3.52
725,10674,1.07,Ideal,H,SI2,62.4,55.0,4840,6.56,6.59,4.1
726,1842,0.71,Premium,E,VS2,62.0,61.0,3062,5.71,5.65,3.52
727,44285,0.52,Premium,H,VS1,61.4,57.0,1577,5.27,5.16,3.2
728,18737,1.34,Very Good,H,SI1,61.6,59.0,7655,7.04,7.09,4.35
729,46127,0.51,Ideal,F,VS1,62.5,55.0,1744,5.08,5.13,3.19
730,10153,1.1,Premium,D,SI2,62.4,58.0,4725,6.6,6.57,4.11
731,18483,1.5,Premium,I,SI2,62.5,61.0,7526,7.29,7.24,4.54
732,5977,1.12,Good,J,SI1,63.7,61.0,3951,6.54,6.5,4.15
733,11761,1.2,Premium,I,SI2,60.0,58.0,5080,6.93,6.91,4.15
734,42277,0.23,Very Good,F,VVS1,63.2,58.0,505,3.89,3.93,2.47
735,30165,0.4,Good,D,SI1,63.1,57.0,720,4.69,4.73,2.97
736,1793,0.77,Ideal,F,VS2,61.2,57.0,3052,5.93,5.97,3.64
737,39087,0.51,Good,H,SI2,56.7,60.0,1060,5.38,5.35,3.04
738,12927,1.01,Good,E,SI1,64.3,59.0,5379,6.23,6.28,4.02
739,268,0.76,Premium,H,VVS2,59.6,57.0,2792,5.91,5.86,3.51
740,28493,0.3,Ideal,E,VS2,61.5,55.0,673,4.3,4.34,2.66
741,46924,0.52,Premium,G,VS1,61.1,58.0,1815,5.19,5.16,3.16
742,17724,0.26,Very Good,E,VVS2,62.9,56.0,614,4.07,4.1,2.57
743,22801,1.51,Premium,I,VVS1,61.0,61.0,10824,7.47,7.34,4.52
744,38542,0.34,Ideal,D,VS2,61.3,57.0,1033,4.5,4.47,2.75
745,47782,0.7,Fair,J,VS2,67.4,58.0,1896,5.34,5.37,3.61
746,25011,2.05,Premium,J,VS2,62.3,60.0,13543,8.09,8.15,5.06
747,36550,0.4,Premium,E,SI1,60.1,59.0,945,4.82,4.76,2.88
748,10562,1.01,Good,F,SI1,61.6,63.0,4816,6.42,6.47,3.97
749,37896,0.41,Ideal,G,VVS2,61.8,56.0,1007,4.74,4.78,2.94
750,32838,0.46,Ideal,G,SI2,61.1,57.0,807,4.97,5.01,3.05
751,45185,0.51,Ideal,E,VS2,61.7,54.0,1656,5.13,5.18,3.18
752,39249,0.41,Ideal,G,VVS1,62.4,53.0,1068,4.79,4.8,2.99
753,31931,0.3,Ideal,F,VS2,60.7,56.0,776,4.34,4.32,2.63
754,32978,0.37,Ideal,F,VS1,61.1,57.0,811,4.61,4.65,2.83
755,20241,1.24,Good,G,VS2,61.3,57.0,8672,6.78,6.88,4.19
756,51499,0.7,Very Good,F,SI1,62.4,58.0,2382,5.64,5.7,3.54
757,16147,1.09,Very Good,G,VS1,59.7,63.0,6453,6.65,6.74,4.0
758,18352,1.01,Premium,G,VVS2,61.7,59.0,7466,6.44,6.37,3.95
759,48007,0.52,Ideal,D,VS2,61.9,57.0,1919,5.17,5.14,3.19
760,11438,1.03,Ideal,H,SI1,62.2,56.0,5005,6.45,6.51,4.03
761,32136,0.36,Ideal,F,VS2,60.5,57.0,786,4.61,4.65,2.8
762,4119,0.9,Very Good,G,SI2,62.4,55.0,3539,6.13,6.17,3.84
763,7743,1.24,Premium,E,SI2,60.8,57.0,4278,6.98,6.94,4.23
764,24758,1.5,Premium,G,VS2,60.5,59.0,13112,7.39,7.35,4.46
765,5428,0.94,Premium,E,SI2,60.4,59.0,3825,6.34,6.37,3.84
766,1005,0.79,Ideal,G,SI1,62.3,57.0,2898,5.9,5.85,3.66
767,48760,0.5,Ideal,F,VVS2,62.0,56.0,2016,5.08,5.05,3.14
768,8786,1.0,Ideal,H,SI1,61.4,55.0,4469,6.49,6.44,3.97
769,43592,0.31,Ideal,H,VS2,62.0,55.0,507,4.36,4.38,2.71
770,18124,1.44,Fair,H,VS1,58.1,69.0,7338,7.49,7.34,4.32
771,18121,1.23,Ideal,E,SI2,62.1,55.0,7336,6.91,6.84,4.27
772,14514,1.14,Ideal,I,VS1,61.7,53.0,5863,6.75,6.77,4.17
773,52880,0.54,Ideal,D,VVS2,61.6,54.0,2583,5.25,5.27,3.24
774,729,0.32,Good,E,VS2,64.1,54.0,556,4.34,4.37,2.79
775,24385,0.41,Good,E,SI2,63.5,55.0,638,4.69,4.73,2.99
776,25410,2.04,Ideal,J,SI1,61.7,57.0,14130,8.11,8.17,5.02
777,18746,1.52,Ideal,I,SI2,60.2,57.0,7661,7.47,7.38,4.47
778,3184,1.02,Good,I,SI2,57.1,62.0,3342,6.66,6.58,3.78
779,40353,0.43,Ideal,G,VVS2,61.4,55.0,1129,4.88,4.83,2.98
780,9632,0.92,Premium,E,SI1,61.7,57.0,4637,6.32,6.2,3.86
781,3131,0.73,Ideal,E,VS1,62.8,57.0,3327,5.75,5.78,3.62
782,46316,0.3,Good,E,SI1,63.1,53.0,526,4.27,4.32,2.71
783,1039,0.74,Very Good,D,VS2,62.4,57.0,2906,5.74,5.8,3.6
784,13363,0.24,Very Good,F,VS2,61.9,59.0,419,3.98,4.0,2.47
785,3661,0.82,Very Good,I,VVS1,62.8,58.0,3443,5.95,5.99,3.75
786,53402,0.71,Ideal,F,SI2,61.8,57.0,2667,5.69,5.72,3.53
787,45043,0.53,Ideal,F,SI1,61.5,56.0,1639,5.2,5.24,3.21
788,12144,1.2,Ideal,I,SI1,62.2,56.0,5174,6.75,6.73,4.19
789,25580,1.52,Premium,G,VS1,61.9,58.0,14424,7.38,7.35,4.56
790,26991,2.05,Premium,E,SI2,59.7,59.0,17081,8.27,8.39,4.97
791,39723,0.5,Good,E,SI1,63.7,59.0,1090,5.07,5.01,3.21
792,42375,0.43,Ideal,H,IF,62.2,55.0,1304,4.87,4.84,3.02
793,44125,0.5,Premium,E,VS2,62.6,58.0,1559,5.07,5.12,3.19
794,16451,1.2,Ideal,H,SI1,62.2,58.0,6569,6.81,6.77,4.22
795,50441,0.7,Very Good,E,SI2,62.6,55.0,2263,5.62,5.69,3.54
796,48678,0.51,Ideal,G,VVS1,62.6,57.0,2005,5.08,5.14,3.2
797,50405,0.73,Premium,E,SI2,62.2,55.0,2256,5.81,5.71,3.58
798,46010,0.52,Ideal,E,VS1,61.3,56.0,1726,5.18,5.22,3.19
799,11615,1.08,Ideal,H,SI2,61.4,57.0,5049,6.6,6.66,4.07
800,53163,0.84,Premium,H,SI2,61.3,58.0,2628,6.1,6.04,3.72
801,34696,0.3,Ideal,F,IF,60.9,57.0,873,4.35,4.38,2.66
802,5734,0.92,Good,D,SI2,63.3,59.0,3891,6.12,6.18,3.89
803,53786,0.73,Premium,F,SI1,62.2,56.0,2728,5.79,5.73,3.58
804,31518,0.34,Premium,E,SI1,60.7,60.0,765,4.51,4.48,2.73
805,6925,0.91,Premium,E,SI1,62.6,58.0,4138,6.17,6.14,3.85
806,2757,0.9,Fair,G,SI1,65.2,59.0,3250,6.05,6.01,3.93
807,19939,1.66,Premium,J,SI1,60.7,58.0,8487,7.72,7.63,4.66
808,7638,1.06,Ideal,H,SI2,60.6,59.0,4267,6.63,6.6,4.01
809,35600,0.31,Ideal,H,VVS1,61.6,55.0,907,4.38,4.35,2.69
810,36057,0.31,Very Good,G,IF,61.7,54.0,924,4.33,4.36,2.68
811,47387,0.54,Ideal,E,VS2,61.9,55.0,1847,5.24,5.2,3.23
812,50932,0.71,Ideal,I,SI1,61.0,56.0,2319,5.75,5.78,3.52
813,31178,0.32,Good,E,VS1,60.3,64.0,756,4.42,4.44,2.67
814,28171,0.36,Good,H,SI1,63.6,57.0,665,4.53,4.49,2.87
815,1169,0.9,Premium,H,SI2,59.5,60.0,2927,6.32,6.29,3.75
816,429,0.76,Premium,E,SI1,62.2,59.0,2814,5.86,5.81,3.63
817,52613,0.57,Ideal,D,VS2,61.3,56.0,2546,5.35,5.42,3.3
818,4304,1.01,Very Good,H,SI2,63.4,57.0,3592,6.39,6.32,4.03
819,32509,0.4,Good,E,SI2,64.2,57.0,798,4.7,4.68,3.01
820,13370,0.24,Very Good,D,VS1,61.4,58.0,419,3.99,4.02,2.46
821,34977,0.25,Ideal,H,VS2,61.0,55.0,472,4.11,4.09,2.5
822,44031,0.5,Very Good,E,VS2,61.8,57.0,1547,5.05,5.11,3.14
823,543,0.72,Premium,F,VS1,62.2,58.0,2829,5.75,5.7,3.56
824,18424,1.0,Good,G,VVS2,60.9,56.0,7492,6.49,6.52,3.96
825,39448,0.5,Good,E,SI2,63.3,56.0,1077,5.05,5.09,3.21
826,23336,1.04,Premium,E,VVS1,60.9,58.0,11382,6.61,6.53,4.0
827,410,0.34,Ideal,I,VS1,61.8,55.0,555,4.48,4.52,2.78
828,40887,0.56,Premium,G,SI1,61.7,58.0,1176,5.31,5.29,3.27
829,45472,0.5,Ideal,E,VS2,62.3,57.0,1676,5.08,5.04,3.15
830,28002,0.3,Premium,E,VS2,61.6,58.0,658,4.31,4.33,2.66
831,23335,1.58,Premium,G,VS1,60.8,58.0,11380,7.58,7.52,4.59
832,16274,1.02,Ideal,F,VS2,62.9,57.0,6509,6.42,6.33,4.01
833,6193,0.9,Very Good,D,SI1,62.4,63.0,3997,6.18,6.15,3.85
834,30814,0.39,Good,G,VS2,60.3,60.6,743,4.7,4.71,2.84
835,812,0.71,Premium,D,SI1,60.6,58.0,2863,5.79,5.77,3.5
836,19140,1.12,Premium,F,VS1,61.2,58.0,7903,6.72,6.68,4.1
837,32519,0.35,Ideal,G,VVS2,61.0,57.0,798,4.54,4.58,2.78
838,41097,0.58,Ideal,I,SI1,61.4,55.0,1193,5.37,5.42,3.31
839,20964,1.01,Very Good,F,VVS1,63.2,56.0,9176,6.39,6.33,4.02
840,29668,0.35,Very Good,G,VS1,60.7,61.0,706,4.54,4.58,2.77
841,45566,0.52,Ideal,E,VS2,59.5,57.0,1689,5.25,5.27,3.13
842,12395,1.13,Ideal,F,SI2,61.8,57.0,5232,6.71,6.68,4.14
843,2679,0.77,Very Good,G,VS1,62.3,58.0,3240,5.82,5.86,3.64
844,38336,0.51,Premium,J,SI1,62.6,59.0,1020,5.1,5.06,3.18
845,20237,1.5,Premium,H,SI1,61.6,58.0,8669,7.33,7.38,4.53
846,28585,0.3,Good,G,VS2,63.9,55.0,675,4.28,4.27,2.73
847,21992,1.07,Ideal,F,VVS2,62.3,57.0,10061,6.56,6.58,4.09
848,18861,1.17,Premium,G,SI1,62.6,55.0,7731,6.75,6.7,4.21
849,6954,1.0,Premium,H,SI1,61.7,59.0,4144,6.41,6.36,3.94
850,32478,0.35,Ideal,F,VVS2,61.6,58.0,795,4.5,4.53,2.78
851,51391,0.71,Fair,D,VS2,55.6,73.0,2368,6.01,5.96,3.33
852,43587,0.56,Premium,H,VS2,62.2,60.0,1432,5.28,5.23,3.27
853,46972,0.38,Good,I,SI1,63.7,57.0,529,4.63,4.57,2.93
854,39918,0.41,Ideal,D,VS1,62.4,56.0,1105,4.75,4.8,2.98
855,25042,0.3,Good,F,SI1,63.6,55.0,641,4.33,4.28,2.74
856,3698,0.9,Very Good,E,SI2,64.2,54.0,3449,6.08,6.11,3.91
857,46465,0.7,Premium,J,VS2,62.0,62.0,1775,5.63,5.59,3.48
858,430,0.76,Ideal,E,SI1,61.7,57.0,2814,5.88,5.85,3.62
859,26781,2.06,Ideal,I,SI1,61.9,56.0,16626,8.17,8.19,5.06
860,33036,0.32,Ideal,G,VVS1,61.6,55.0,814,4.43,4.47,2.74
861,18607,1.54,Premium,J,SI1,61.2,59.0,7589,7.45,7.41,4.55
862,26834,2.01,Good,E,SI2,60.0,64.0,16733,8.17,8.09,4.88
863,12354,1.24,Very Good,H,SI2,61.0,59.0,5231,6.93,7.0,4.25
864,34827,0.3,Ideal,H,VVS1,63.0,54.0,878,4.3,4.27,2.7
865,39732,0.53,Very Good,G,SI2,60.9,55.0,1092,5.26,5.29,3.21
866,4040,1.24,Premium,E,I1,61.1,62.0,3528,6.91,6.86,4.21
867,42341,0.41,Good,E,VVS1,64.1,55.0,1298,4.71,4.68,3.01
868,13609,1.02,Premium,H,VS1,62.1,59.0,5569,6.43,6.38,3.98
869,15399,1.06,Very Good,E,SI1,59.8,56.0,6169,6.63,6.67,3.98
870,33229,0.33,Ideal,D,VS2,61.1,56.0,822,4.5,4.54,2.76
871,20759,1.07,Ideal,E,VS1,60.0,58.0,8998,6.66,6.7,4.01
872,53807,0.72,Very Good,G,VS2,63.1,57.0,2732,5.74,5.71,3.61
873,20788,1.52,Premium,E,SI2,60.8,60.0,9028,7.36,7.42,4.49
874,50853,0.7,Very Good,F,SI1,60.3,59.0,2312,5.73,5.78,3.47
875,36916,0.41,Premium,G,VS1,60.2,59.0,961,4.84,4.79,2.9
876,46637,0.3,Good,E,SI1,63.7,58.0,526,4.24,4.27,2.71
877,32790,0.33,Ideal,F,VS2,61.1,56.0,804,4.47,4.5,2.74
878,42689,0.5,Ideal,E,SI1,60.6,59.0,1337,5.13,5.16,3.12
879,12184,1.21,Premium,G,SI2,59.1,55.0,5184,7.04,6.98,4.14
880,33792,0.4,Premium,I,VVS1,62.7,59.0,842,4.67,4.71,2.94
881,27508,2.19,Premium,E,SI2,62.4,61.0,18232,8.31,8.23,5.16
882,50617,0.31,Ideal,J,VS2,61.8,54.1,400,4.35,4.38,2.7
883,10151,1.1,Premium,I,SI1,61.2,61.0,4725,6.66,6.61,4.01
884,24465,1.3,Ideal,F,VVS2,62.4,57.0,12734,6.97,6.9,4.33
885,51380,0.7,Premium,H,VS1,61.9,56.0,2367,5.7,5.67,3.52
886,38853,0.4,Ideal,G,VVS2,62.4,56.0,1050,4.68,4.64,2.91
887,40621,0.41,Premium,E,VS1,60.8,59.0,1153,4.82,4.76,2.91
888,27988,0.3,Very Good,E,VS2,61.8,58.0,658,4.26,4.28,2.64
889,45340,0.7,Premium,F,SI2,59.5,61.0,1662,5.78,5.68,3.41
890,29628,0.35,Premium,H,SI2,61.6,58.0,441,4.49,4.54,2.78
891,42972,0.41,Ideal,E,VVS1,61.7,56.0,1367,4.78,4.82,2.96
892,17979,1.07,Ideal,H,VVS1,61.7,56.0,7273,6.56,6.68,4.06
893,14811,1.04,Very Good,G,VS2,61.3,58.0,5964,6.45,6.53,3.98
894,21018,1.01,Premium,F,VVS2,60.4,59.0,9231,6.49,6.45,3.91
895,21003,1.51,Good,H,SI1,61.8,61.0,9218,7.25,7.32,4.5
896,35715,0.3,Ideal,D,VS2,60.8,57.0,911,4.34,4.31,2.63
897,21490,1.5,Ideal,I,VS2,62.6,57.0,9586,7.26,7.31,4.56
898,28608,0.3,Premium,E,SI1,61.7,56.0,675,4.29,4.27,2.64
899,50781,0.52,Premium,E,VVS1,59.8,58.0,2302,5.27,5.24,3.14
900,49640,0.32,Ideal,G,SI2,62.5,57.0,540,4.38,4.35,2.73
901,19662,1.51,Good,J,VS1,61.5,59.0,8271,7.26,7.31,4.48
902,50359,0.72,Premium,G,SI1,60.6,62.0,2246,5.81,5.77,3.51
903,32390,0.4,Very Good,E,VS2,60.4,63.0,791,4.68,4.72,2.84
904,17937,1.61,Premium,J,SI2,62.2,59.0,7245,7.52,7.47,4.66
905,52333,0.7,Premium,E,VS2,61.1,58.0,2496,5.78,5.7,3.51
906,15868,1.21,Ideal,H,SI2,62.1,58.0,6347,6.78,6.84,4.23
907,35048,0.42,Ideal,I,VVS1,62.4,57.0,884,4.79,4.83,3.0
908,8466,1.03,Good,F,SI2,59.0,59.0,4414,6.55,6.6,3.88
909,9367,0.32,Good,D,SI1,63.7,55.0,589,4.35,4.38,2.78
910,15423,1.01,Good,D,VS2,64.0,58.0,6176,6.3,6.24,4.01
911,33445,0.32,Premium,G,VS1,61.7,58.0,828,4.41,4.38,2.71
912,22085,1.59,Very Good,I,VS2,60.5,63.0,10106,7.52,7.45,4.53
913,41495,0.41,Very Good,E,VVS2,59.9,60.0,1233,4.8,4.82,2.88
914,43244,0.42,Ideal,E,VVS1,62.0,56.0,1400,4.78,4.84,2.98
915,32641,0.31,Ideal,H,VVS2,62.5,55.0,802,4.37,4.34,2.72
916,38848,0.4,Ideal,I,IF,62.2,56.0,1050,4.75,4.71,2.94
917,30919,0.34,Ideal,E,VS2,62.6,55.0,745,4.43,4.45,2.78
918,53745,1.0,Fair,G,I1,61.7,57.0,2723,6.39,6.28,3.91
919,3419,0.36,Premium,H,VS2,60.9,59.0,568,4.58,4.62,2.8
920,32952,0.35,Very Good,F,SI2,62.8,55.0,460,4.48,4.53,2.83
921,890,0.7,Premium,G,VVS2,61.8,58.0,2874,5.67,5.63,3.49
922,9062,1.2,Ideal,J,SI2,62.5,57.0,4516,6.8,6.74,4.23
923,41997,0.43,Ideal,D,VS1,61.9,55.0,1264,4.87,4.85,3.01
924,44611,0.53,Ideal,E,SI1,61.8,56.0,1607,5.21,5.17,3.21
925,30507,0.31,Ideal,D,SI1,63.0,55.0,732,4.34,4.32,2.73
926,24339,2.01,Ideal,I,SI1,62.9,55.0,12606,8.07,8.0,5.05
927,10853,1.03,Ideal,G,SI2,61.8,55.0,4873,6.5,6.52,4.02
928,30470,0.31,Very Good,D,SI1,63.5,57.0,732,4.32,4.28,2.73
929,40895,0.44,Ideal,H,IF,61.9,54.0,1177,4.9,4.95,3.05
930,23521,1.58,Ideal,I,VVS1,61.7,53.0,11526,7.52,7.53,4.65
931,47199,0.5,Ideal,G,VVS2,61.2,56.0,1838,5.1,5.13,3.13
932,43350,0.5,Very Good,E,VS2,61.3,62.0,1407,5.05,5.1,3.11
933,5169,0.9,Very Good,H,SI1,61.7,57.0,3772,6.21,6.26,3.85
934,23791,2.08,Premium,H,SI2,60.0,60.0,11851,8.31,8.28,4.98
935,10713,0.31,Premium,D,SI2,60.1,60.0,593,4.41,4.38,2.64
936,52618,0.7,Very Good,H,SI1,61.1,56.0,2548,5.72,5.76,3.51
937,18397,1.03,Ideal,E,VS1,59.5,57.0,7477,6.6,6.62,3.93
938,225,0.72,Premium,D,SI1,62.7,59.0,2782,5.73,5.69,3.58
939,51053,0.7,Premium,H,SI1,62.8,57.0,2331,5.66,5.61,3.54
940,46707,0.7,Very Good,F,SI2,63.2,59.0,1792,5.66,5.61,3.56
941,5228,1.02,Ideal,I,SI2,60.7,57.0,3786,6.54,6.57,3.98
942,1812,0.78,Very Good,E,SI1,60.9,57.0,3055,5.93,5.97,3.62
943,9263,1.01,Fair,F,SI1,65.9,60.0,4561,6.25,6.17,4.09
944,14411,1.23,Ideal,I,SI2,61.8,55.0,5820,6.87,6.91,4.26
945,18948,1.01,Ideal,D,VS2,62.7,57.0,7792,6.39,6.36,4.0
946,24414,2.23,Very Good,J,SI2,60.5,61.0,12655,8.4,8.47,5.1
947,35722,0.3,Ideal,D,VS2,61.8,55.0,911,4.34,4.3,2.67
948,16540,0.63,Ideal,D,IF,62.5,55.0,6607,5.5,5.47,3.43
949,30182,0.34,Ideal,H,VVS1,62.3,54.0,722,4.46,4.5,2.79
950,46192,0.52,Premium,D,VS2,62.4,58.0,1749,5.09,5.13,3.19
951,17278,1.29,Ideal,J,VVS1,61.2,56.0,6918,7.01,7.05,4.3
952,7706,1.04,Premium,G,SI2,60.9,58.0,4277,6.58,6.52,3.99
953,11841,1.01,Ideal,I,VS2,62.0,54.0,5099,6.43,6.47,4.0
954,17054,0.4,Ideal,J,SI1,61.6,56.0,612,4.72,4.77,2.93
955,25448,1.5,Premium,F,VS2,61.1,58.0,14199,7.36,7.33,4.49
956,39296,0.3,Ideal,H,VS2,62.3,57.0,491,4.27,4.3,2.67
957,53714,0.76,Ideal,F,SI1,62.6,57.0,2719,5.84,5.89,3.67
958,3861,0.72,Ideal,G,VS1,61.0,55.0,3478,5.81,5.83,3.55
959,6978,1.08,Very Good,J,SI2,62.5,60.0,4152,6.51,6.57,4.09
960,41335,0.48,Fair,E,VS2,64.9,54.0,1215,4.94,4.92,3.2
961,41050,0.5,Fair,E,VS2,65.0,58.0,1188,4.96,4.92,3.21
962,26587,2.01,Good,I,VS2,62.4,62.0,16304,7.91,7.99,4.96
963,2899,0.92,Premium,F,SI2,58.9,59.0,3282,6.38,6.35,3.75
964,51874,0.71,Very Good,H,VS1,62.8,59.0,2428,5.61,5.7,3.55
965,6129,1.17,Premium,F,I1,62.2,58.0,3984,6.76,6.72,4.19
966,33647,0.32,Very Good,F,VVS1,62.8,60.0,834,4.32,4.34,2.72
967,36247,0.41,Ideal,E,VS2,62.4,54.0,935,4.76,4.79,2.98
968,48512,0.6,Very Good,D,VS2,61.5,59.0,1984,5.4,5.43,3.33
969,46660,0.51,Ideal,D,VS2,61.9,55.0,1787,5.11,5.13,3.17
970,39416,0.41,Premium,F,VS1,61.2,57.0,1076,4.8,4.77,2.93
971,25809,2.01,Very Good,E,SI2,61.2,58.0,14813,8.05,8.07,4.93
972,9532,1.17,Ideal,J,SI1,62.1,57.0,4617,6.74,6.81,4.21
973,39308,0.7,Fair,G,I1,62.5,59.0,1069,5.65,5.48,3.48
974,16409,1.0,Good,F,VS1,57.8,59.0,6552,6.57,6.59,3.8
975,8741,0.9,Good,E,SI1,63.9,55.0,4463,6.08,6.13,3.9
976,24735,1.72,Premium,H,SI1,62.9,58.0,13078,7.63,7.59,4.79
977,21816,1.31,Ideal,G,VS1,62.2,56.0,9891,7.01,7.05,4.37
978,18521,1.6,Premium,J,SI1,62.2,58.0,7550,7.48,7.54,4.67
979,10276,1.0,Very Good,D,SI2,62.8,58.0,4753,6.33,6.37,3.99
980,35708,0.3,Premium,D,VS2,60.7,60.0,911,4.37,4.33,2.64
981,26486,2.16,Very Good,I,VS2,58.6,60.0,16080,8.48,8.55,4.99
982,21634,1.02,Very Good,F,VVS2,63.7,59.0,9728,6.34,6.38,4.05
983,16344,1.29,Very Good,I,VS2,61.8,58.0,6537,6.94,6.98,4.3
984,19772,1.51,Ideal,I,SI1,61.1,59.0,8342,7.4,7.37,4.51
985,20376,0.31,Ideal,H,VVS2,62.4,57.0,625,4.32,4.36,2.71
986,33250,0.45,Ideal,I,VS1,61.9,54.0,825,4.95,4.97,3.07
987,20768,1.2,Very Good,F,VS2,61.8,58.0,9007,6.75,6.78,4.18
988,25065,2.01,Good,I,SI1,64.1,62.0,13587,7.94,7.85,5.06
989,30643,0.42,Good,D,SI1,63.3,58.0,735,4.73,4.75,3.0
990,17395,0.32,Ideal,D,SI2,62.4,54.0,612,4.4,4.38,2.74
991,38936,0.4,Very Good,E,VS1,61.8,56.0,1053,4.74,4.77,2.94
992,16790,1.21,Ideal,I,VS1,61.5,58.0,6691,6.84,6.88,4.22
993,24712,0.3,Very Good,E,VS2,61.5,58.0,640,4.28,4.31,2.64
994,23584,1.24,Ideal,G,VVS2,61.1,56.0,11601,6.94,6.97,4.25
995,35207,0.33,Ideal,I,IF,61.6,55.0,891,4.47,4.46,2.75
996,15806,1.0,Ideal,E,SI1,62.4,55.0,6324,6.34,6.42,3.98
997,45884,0.58,Ideal,G,VS2,61.1,56.0,1719,5.4,5.43,3.31
998,22681,0.38,Ideal,J,VVS2,62.0,55.0,629,4.67,4.69,2.9
999,21429,1.18,Premium,G,VVS2,59.7,58.0,9537,6.94,6.9,4.13
